"omitted_game","pas","exposed_n","exposed_strikeouts","unexposed_n","unexposed_strikeouts","finite_logistic_exposure_MLE","sample_odds_ratio"
"TOR_20260814_1",997,11,0,986,177,FALSE,0
"TOR_20260815_1",990,12,1,978,175,TRUE,0.417142857142857
"TOR_20260816_1",991,13,1,978,179,TRUE,0.371973929236499
"TOR_20260818_1",980,11,1,969,177,TRUE,0.447457627118644
"TOR_20260819_1",989,13,1,976,177,TRUE,0.376177024482109
"TOR_20260820_1",989,12,1,977,172,TRUE,0.425475687103594
"TOR_20260821_1",991,13,1,978,176,TRUE,0.379734848484849
"TOR_20260822_1",985,12,1,973,178,TRUE,0.406026557711951
"TOR_20260823_1",993,13,1,980,179,TRUE,0.372905027932961
"TOR_20260825_1",990,13,1,977,177,TRUE,0.376647834274953
"TOR_20260826_1",997,13,1,984,179,TRUE,0.374767225325885
"TOR_20260827_1",993,13,1,980,181,TRUE,0.367863720073665
"TOR_20260828_1",990,13,1,977,181,TRUE,0.366482504604052
"TOR_20260829_1",992,11,1,981,178,TRUE,0.451123595505618
"TOR_20260830_1",990,11,1,979,179,TRUE,0.446927374301676
"TOR_20260901_1",996,13,1,983,170,TRUE,0.398529411764706
"TOR_20260902_1",984,13,1,971,176,TRUE,0.376420454545455
"TOR_20260903_1",984,13,1,971,174,TRUE,0.381704980842912
"TOR_20260904_1",985,13,1,972,180,TRUE,0.366666666666667
"TOR_20260905_1",986,13,1,973,180,TRUE,0.36712962962963
"TOR_20260906_1",994,13,1,981,179,TRUE,0.373370577281192
"TOR_20260907_1",990,13,1,977,180,TRUE,0.368981481481481
"TOR_20260908_1",992,13,1,979,178,TRUE,0.375
"TOR_20260909_1",994,13,1,981,175,TRUE,0.383809523809524
"TOR_20260911_1",988,12,1,976,175,TRUE,0.416103896103896
"TOR_20260912_1",989,13,1,976,174,TRUE,0.384099616858238
"TOR_20260913_1",989,12,1,977,178,TRUE,0.408069458631256
