"pa_id","game_id","batter_id"
"TOR_20260814_1_PA001","TOR_20260814_1","B004"
"TOR_20260814_1_PA003","TOR_20260814_1","B009"
"TOR_20260814_1_PA004","TOR_20260814_1","B001"
"TOR_20260814_1_PA005","TOR_20260814_1","B002"
"TOR_20260814_1_PA006","TOR_20260814_1","B012"
"TOR_20260814_1_PA007","TOR_20260814_1","B010"
"TOR_20260814_1_PA008","TOR_20260814_1","B008"
"TOR_20260814_1_PA009","TOR_20260814_1","B004"
"TOR_20260814_1_PA010","TOR_20260814_1","B014"
"TOR_20260814_1_PA011","TOR_20260814_1","B017"
"TOR_20260814_1_PA012","TOR_20260814_1","B009"
"TOR_20260814_1_PA013","TOR_20260814_1","B001"
"TOR_20260814_1_PA014","TOR_20260814_1","B002"
"TOR_20260814_1_PA015","TOR_20260814_1","B012"
"TOR_20260814_1_PA016","TOR_20260814_1","B010"
"TOR_20260814_1_PA017","TOR_20260814_1","B008"
"TOR_20260814_1_PA018","TOR_20260814_1","B004"
"TOR_20260814_1_PA019","TOR_20260814_1","B014"
"TOR_20260814_1_PA020","TOR_20260814_1","B017"
"TOR_20260814_1_PA021","TOR_20260814_1","B009"
"TOR_20260814_1_PA022","TOR_20260814_1","B001"
"TOR_20260814_1_PA023","TOR_20260814_1","B002"
"TOR_20260814_1_PA024","TOR_20260814_1","B012"
"TOR_20260814_1_PA025","TOR_20260814_1","B010"
"TOR_20260814_1_PA026","TOR_20260814_1","B008"
"TOR_20260814_1_PA027","TOR_20260814_1","B004"
"TOR_20260814_1_PA028","TOR_20260814_1","B014"
"TOR_20260814_1_PA029","TOR_20260814_1","B005"
"TOR_20260814_1_PA030","TOR_20260814_1","B009"
"TOR_20260814_1_PA031","TOR_20260814_1","B001"
"TOR_20260814_1_PA032","TOR_20260814_1","B002"
"TOR_20260815_1_PA001","TOR_20260815_1","B004"
"TOR_20260815_1_PA002","TOR_20260815_1","B014"
"TOR_20260815_1_PA003","TOR_20260815_1","B001"
"TOR_20260815_1_PA004","TOR_20260815_1","B010"
"TOR_20260815_1_PA005","TOR_20260815_1","B012"
"TOR_20260815_1_PA006","TOR_20260815_1","B002"
"TOR_20260815_1_PA007","TOR_20260815_1","B003"
"TOR_20260815_1_PA008","TOR_20260815_1","B011"
"TOR_20260815_1_PA009","TOR_20260815_1","B005"
"TOR_20260815_1_PA010","TOR_20260815_1","B004"
"TOR_20260815_1_PA011","TOR_20260815_1","B014"
"TOR_20260815_1_PA012","TOR_20260815_1","B001"
"TOR_20260815_1_PA013","TOR_20260815_1","B010"
"TOR_20260815_1_PA014","TOR_20260815_1","B012"
"TOR_20260815_1_PA015","TOR_20260815_1","B002"
"TOR_20260815_1_PA016","TOR_20260815_1","B003"
"TOR_20260815_1_PA017","TOR_20260815_1","B011"
"TOR_20260815_1_PA018","TOR_20260815_1","B005"
"TOR_20260815_1_PA019","TOR_20260815_1","B004"
"TOR_20260815_1_PA020","TOR_20260815_1","B014"
"TOR_20260815_1_PA021","TOR_20260815_1","B001"
"TOR_20260815_1_PA022","TOR_20260815_1","B010"
"TOR_20260815_1_PA023","TOR_20260815_1","B012"
"TOR_20260815_1_PA024","TOR_20260815_1","B002"
"TOR_20260815_1_PA025","TOR_20260815_1","B003"
"TOR_20260815_1_PA026","TOR_20260815_1","B008"
"TOR_20260815_1_PA027","TOR_20260815_1","B005"
"TOR_20260815_1_PA028","TOR_20260815_1","B004"
"TOR_20260815_1_PA029","TOR_20260815_1","B014"
"TOR_20260815_1_PA030","TOR_20260815_1","B013"
"TOR_20260815_1_PA031","TOR_20260815_1","B012"
"TOR_20260815_1_PA032","TOR_20260815_1","B002"
"TOR_20260815_1_PA033","TOR_20260815_1","B003"
"TOR_20260815_1_PA034","TOR_20260815_1","B008"
"TOR_20260815_1_PA035","TOR_20260815_1","B005"
"TOR_20260815_1_PA036","TOR_20260815_1","B004"
"TOR_20260815_1_PA037","TOR_20260815_1","B014"
"TOR_20260815_1_PA038","TOR_20260815_1","B013"
"TOR_20260816_1_PA001","TOR_20260816_1","B004"
"TOR_20260816_1_PA002","TOR_20260816_1","B005"
"TOR_20260816_1_PA003","TOR_20260816_1","B001"
"TOR_20260816_1_PA004","TOR_20260816_1","B009"
"TOR_20260816_1_PA005","TOR_20260816_1","B008"
"TOR_20260816_1_PA006","TOR_20260816_1","B012"
"TOR_20260816_1_PA007","TOR_20260816_1","B007"
"TOR_20260816_1_PA008","TOR_20260816_1","B002"
"TOR_20260816_1_PA009","TOR_20260816_1","B013"
"TOR_20260816_1_PA010","TOR_20260816_1","B004"
"TOR_20260816_1_PA011","TOR_20260816_1","B005"
"TOR_20260816_1_PA012","TOR_20260816_1","B001"
"TOR_20260816_1_PA013","TOR_20260816_1","B009"
"TOR_20260816_1_PA014","TOR_20260816_1","B008"
"TOR_20260816_1_PA015","TOR_20260816_1","B012"
"TOR_20260816_1_PA016","TOR_20260816_1","B007"
"TOR_20260816_1_PA017","TOR_20260816_1","B002"
"TOR_20260816_1_PA018","TOR_20260816_1","B013"
"TOR_20260816_1_PA019","TOR_20260816_1","B004"
"TOR_20260816_1_PA020","TOR_20260816_1","B005"
"TOR_20260816_1_PA021","TOR_20260816_1","B001"
"TOR_20260816_1_PA022","TOR_20260816_1","B009"
"TOR_20260816_1_PA023","TOR_20260816_1","B008"
"TOR_20260816_1_PA024","TOR_20260816_1","B012"
"TOR_20260816_1_PA025","TOR_20260816_1","B007"
"TOR_20260816_1_PA026","TOR_20260816_1","B002"
"TOR_20260816_1_PA027","TOR_20260816_1","B014"
"TOR_20260816_1_PA028","TOR_20260816_1","B004"
"TOR_20260816_1_PA029","TOR_20260816_1","B011"
"TOR_20260816_1_PA030","TOR_20260816_1","B001"
"TOR_20260816_1_PA031","TOR_20260816_1","B009"
"TOR_20260816_1_PA032","TOR_20260816_1","B008"
"TOR_20260816_1_PA033","TOR_20260816_1","B012"
"TOR_20260816_1_PA034","TOR_20260816_1","B007"
"TOR_20260816_1_PA035","TOR_20260816_1","B002"
"TOR_20260816_1_PA036","TOR_20260816_1","B014"
"TOR_20260816_1_PA037","TOR_20260816_1","B004"
"TOR_20260818_1_PA001","TOR_20260818_1","B004"
"TOR_20260818_1_PA002","TOR_20260818_1","B014"
"TOR_20260818_1_PA003","TOR_20260818_1","B001"
"TOR_20260818_1_PA004","TOR_20260818_1","B009"
"TOR_20260818_1_PA005","TOR_20260818_1","B010"
"TOR_20260818_1_PA006","TOR_20260818_1","B012"
"TOR_20260818_1_PA007","TOR_20260818_1","B002"
"TOR_20260818_1_PA008","TOR_20260818_1","B008"
"TOR_20260818_1_PA009","TOR_20260818_1","B011"
"TOR_20260818_1_PA010","TOR_20260818_1","B004"
"TOR_20260818_1_PA011","TOR_20260818_1","B014"
"TOR_20260818_1_PA012","TOR_20260818_1","B001"
"TOR_20260818_1_PA013","TOR_20260818_1","B009"
"TOR_20260818_1_PA014","TOR_20260818_1","B010"
"TOR_20260818_1_PA015","TOR_20260818_1","B012"
"TOR_20260818_1_PA016","TOR_20260818_1","B002"
"TOR_20260818_1_PA017","TOR_20260818_1","B008"
"TOR_20260818_1_PA018","TOR_20260818_1","B011"
"TOR_20260818_1_PA019","TOR_20260818_1","B004"
"TOR_20260818_1_PA020","TOR_20260818_1","B014"
"TOR_20260818_1_PA021","TOR_20260818_1","B001"
"TOR_20260818_1_PA022","TOR_20260818_1","B009"
"TOR_20260818_1_PA023","TOR_20260818_1","B010"
"TOR_20260818_1_PA024","TOR_20260818_1","B012"
"TOR_20260818_1_PA025","TOR_20260818_1","B002"
"TOR_20260818_1_PA026","TOR_20260818_1","B008"
"TOR_20260818_1_PA027","TOR_20260818_1","B011"
"TOR_20260818_1_PA028","TOR_20260818_1","B004"
"TOR_20260818_1_PA029","TOR_20260818_1","B014"
"TOR_20260818_1_PA030","TOR_20260818_1","B001"
"TOR_20260818_1_PA031","TOR_20260818_1","B009"
"TOR_20260818_1_PA032","TOR_20260818_1","B010"
"TOR_20260818_1_PA033","TOR_20260818_1","B012"
"TOR_20260818_1_PA034","TOR_20260818_1","B002"
"TOR_20260818_1_PA035","TOR_20260818_1","B008"
"TOR_20260818_1_PA036","TOR_20260818_1","B011"
"TOR_20260818_1_PA037","TOR_20260818_1","B004"
"TOR_20260818_1_PA038","TOR_20260818_1","B014"
"TOR_20260818_1_PA039","TOR_20260818_1","B001"
"TOR_20260818_1_PA040","TOR_20260818_1","B009"
"TOR_20260818_1_PA041","TOR_20260818_1","B013"
"TOR_20260818_1_PA042","TOR_20260818_1","B012"
"TOR_20260818_1_PA043","TOR_20260818_1","B002"
"TOR_20260818_1_PA044","TOR_20260818_1","B008"
"TOR_20260818_1_PA045","TOR_20260818_1","B011"
"TOR_20260818_1_PA046","TOR_20260818_1","B004"
"TOR_20260818_1_PA047","TOR_20260818_1","B014"
"TOR_20260818_1_PA048","TOR_20260818_1","B001"
"TOR_20260819_1_PA001","TOR_20260819_1","B004"
"TOR_20260819_1_PA002","TOR_20260819_1","B014"
"TOR_20260819_1_PA003","TOR_20260819_1","B001"
"TOR_20260819_1_PA004","TOR_20260819_1","B012"
"TOR_20260819_1_PA005","TOR_20260819_1","B002"
"TOR_20260819_1_PA006","TOR_20260819_1","B010"
"TOR_20260819_1_PA007","TOR_20260819_1","B011"
"TOR_20260819_1_PA008","TOR_20260819_1","B003"
"TOR_20260819_1_PA009","TOR_20260819_1","B005"
"TOR_20260819_1_PA010","TOR_20260819_1","B004"
"TOR_20260819_1_PA011","TOR_20260819_1","B014"
"TOR_20260819_1_PA012","TOR_20260819_1","B001"
"TOR_20260819_1_PA013","TOR_20260819_1","B012"
"TOR_20260819_1_PA014","TOR_20260819_1","B002"
"TOR_20260819_1_PA015","TOR_20260819_1","B010"
"TOR_20260819_1_PA016","TOR_20260819_1","B011"
"TOR_20260819_1_PA017","TOR_20260819_1","B003"
"TOR_20260819_1_PA018","TOR_20260819_1","B005"
"TOR_20260819_1_PA019","TOR_20260819_1","B013"
"TOR_20260819_1_PA020","TOR_20260819_1","B014"
"TOR_20260819_1_PA021","TOR_20260819_1","B001"
"TOR_20260819_1_PA022","TOR_20260819_1","B012"
"TOR_20260819_1_PA023","TOR_20260819_1","B002"
"TOR_20260819_1_PA024","TOR_20260819_1","B007"
"TOR_20260819_1_PA025","TOR_20260819_1","B011"
"TOR_20260819_1_PA026","TOR_20260819_1","B003"
"TOR_20260819_1_PA027","TOR_20260819_1","B005"
"TOR_20260819_1_PA028","TOR_20260819_1","B013"
"TOR_20260819_1_PA029","TOR_20260819_1","B014"
"TOR_20260819_1_PA030","TOR_20260819_1","B001"
"TOR_20260819_1_PA031","TOR_20260819_1","B012"
"TOR_20260819_1_PA032","TOR_20260819_1","B002"
"TOR_20260819_1_PA033","TOR_20260819_1","B007"
"TOR_20260819_1_PA034","TOR_20260819_1","B011"
"TOR_20260819_1_PA035","TOR_20260819_1","B003"
"TOR_20260819_1_PA036","TOR_20260819_1","B005"
"TOR_20260819_1_PA037","TOR_20260819_1","B009"
"TOR_20260819_1_PA038","TOR_20260819_1","B014"
"TOR_20260819_1_PA039","TOR_20260819_1","B001"
"TOR_20260820_1_PA001","TOR_20260820_1","B005"
"TOR_20260820_1_PA002","TOR_20260820_1","B007"
"TOR_20260820_1_PA003","TOR_20260820_1","B001"
"TOR_20260820_1_PA004","TOR_20260820_1","B009"
"TOR_20260820_1_PA005","TOR_20260820_1","B012"
"TOR_20260820_1_PA006","TOR_20260820_1","B002"
"TOR_20260820_1_PA007","TOR_20260820_1","B008"
"TOR_20260820_1_PA008","TOR_20260820_1","B013"
"TOR_20260820_1_PA009","TOR_20260820_1","B014"
"TOR_20260820_1_PA010","TOR_20260820_1","B005"
"TOR_20260820_1_PA011","TOR_20260820_1","B007"
"TOR_20260820_1_PA012","TOR_20260820_1","B001"
"TOR_20260820_1_PA013","TOR_20260820_1","B009"
"TOR_20260820_1_PA014","TOR_20260820_1","B012"
"TOR_20260820_1_PA015","TOR_20260820_1","B002"
"TOR_20260820_1_PA016","TOR_20260820_1","B008"
"TOR_20260820_1_PA017","TOR_20260820_1","B013"
"TOR_20260820_1_PA018","TOR_20260820_1","B014"
"TOR_20260820_1_PA019","TOR_20260820_1","B005"
"TOR_20260820_1_PA020","TOR_20260820_1","B007"
"TOR_20260820_1_PA021","TOR_20260820_1","B001"
"TOR_20260820_1_PA022","TOR_20260820_1","B009"
"TOR_20260820_1_PA023","TOR_20260820_1","B012"
"TOR_20260820_1_PA024","TOR_20260820_1","B003"
"TOR_20260820_1_PA025","TOR_20260820_1","B008"
"TOR_20260820_1_PA026","TOR_20260820_1","B013"
"TOR_20260820_1_PA027","TOR_20260820_1","B014"
"TOR_20260820_1_PA028","TOR_20260820_1","B005"
"TOR_20260820_1_PA029","TOR_20260820_1","B007"
"TOR_20260820_1_PA031","TOR_20260820_1","B012"
"TOR_20260820_1_PA032","TOR_20260820_1","B003"
"TOR_20260820_1_PA033","TOR_20260820_1","B008"
"TOR_20260820_1_PA034","TOR_20260820_1","B013"
"TOR_20260820_1_PA035","TOR_20260820_1","B014"
"TOR_20260820_1_PA036","TOR_20260820_1","B005"
"TOR_20260820_1_PA037","TOR_20260820_1","B007"
"TOR_20260820_1_PA038","TOR_20260820_1","B001"
"TOR_20260820_1_PA039","TOR_20260820_1","B009"
"TOR_20260820_1_PA040","TOR_20260820_1","B012"
"TOR_20260821_1_PA001","TOR_20260821_1","B004"
"TOR_20260821_1_PA002","TOR_20260821_1","B014"
"TOR_20260821_1_PA003","TOR_20260821_1","B001"
"TOR_20260821_1_PA004","TOR_20260821_1","B010"
"TOR_20260821_1_PA005","TOR_20260821_1","B008"
"TOR_20260821_1_PA006","TOR_20260821_1","B012"
"TOR_20260821_1_PA007","TOR_20260821_1","B003"
"TOR_20260821_1_PA008","TOR_20260821_1","B005"
"TOR_20260821_1_PA009","TOR_20260821_1","B013"
"TOR_20260821_1_PA010","TOR_20260821_1","B004"
"TOR_20260821_1_PA011","TOR_20260821_1","B014"
"TOR_20260821_1_PA012","TOR_20260821_1","B001"
"TOR_20260821_1_PA013","TOR_20260821_1","B010"
"TOR_20260821_1_PA014","TOR_20260821_1","B008"
"TOR_20260821_1_PA015","TOR_20260821_1","B012"
"TOR_20260821_1_PA016","TOR_20260821_1","B003"
"TOR_20260821_1_PA017","TOR_20260821_1","B005"
"TOR_20260821_1_PA018","TOR_20260821_1","B013"
"TOR_20260821_1_PA019","TOR_20260821_1","B004"
"TOR_20260821_1_PA020","TOR_20260821_1","B014"
"TOR_20260821_1_PA021","TOR_20260821_1","B001"
"TOR_20260821_1_PA022","TOR_20260821_1","B010"
"TOR_20260821_1_PA023","TOR_20260821_1","B008"
"TOR_20260821_1_PA024","TOR_20260821_1","B012"
"TOR_20260821_1_PA025","TOR_20260821_1","B003"
"TOR_20260821_1_PA026","TOR_20260821_1","B005"
"TOR_20260821_1_PA027","TOR_20260821_1","B013"
"TOR_20260821_1_PA028","TOR_20260821_1","B004"
"TOR_20260821_1_PA029","TOR_20260821_1","B009"
"TOR_20260821_1_PA030","TOR_20260821_1","B001"
"TOR_20260821_1_PA031","TOR_20260821_1","B010"
"TOR_20260821_1_PA032","TOR_20260821_1","B008"
"TOR_20260821_1_PA033","TOR_20260821_1","B012"
"TOR_20260821_1_PA034","TOR_20260821_1","B003"
"TOR_20260821_1_PA035","TOR_20260821_1","B005"
"TOR_20260821_1_PA036","TOR_20260821_1","B013"
"TOR_20260821_1_PA037","TOR_20260821_1","B004"
"TOR_20260822_1_PA001","TOR_20260822_1","B004"
"TOR_20260822_1_PA002","TOR_20260822_1","B017"
"TOR_20260822_1_PA003","TOR_20260822_1","B001"
"TOR_20260822_1_PA004","TOR_20260822_1","B009"
"TOR_20260822_1_PA005","TOR_20260822_1","B012"
"TOR_20260822_1_PA006","TOR_20260822_1","B008"
"TOR_20260822_1_PA007","TOR_20260822_1","B007"
"TOR_20260822_1_PA008","TOR_20260822_1","B005"
"TOR_20260822_1_PA009","TOR_20260822_1","B013"
"TOR_20260822_1_PA010","TOR_20260822_1","B004"
"TOR_20260822_1_PA011","TOR_20260822_1","B017"
"TOR_20260822_1_PA012","TOR_20260822_1","B001"
"TOR_20260822_1_PA013","TOR_20260822_1","B009"
"TOR_20260822_1_PA014","TOR_20260822_1","B012"
"TOR_20260822_1_PA015","TOR_20260822_1","B008"
"TOR_20260822_1_PA016","TOR_20260822_1","B007"
"TOR_20260822_1_PA017","TOR_20260822_1","B005"
"TOR_20260822_1_PA018","TOR_20260822_1","B013"
"TOR_20260822_1_PA019","TOR_20260822_1","B004"
"TOR_20260822_1_PA020","TOR_20260822_1","B017"
"TOR_20260822_1_PA021","TOR_20260822_1","B001"
"TOR_20260822_1_PA022","TOR_20260822_1","B009"
"TOR_20260822_1_PA023","TOR_20260822_1","B012"
"TOR_20260822_1_PA024","TOR_20260822_1","B008"
"TOR_20260822_1_PA025","TOR_20260822_1","B014"
"TOR_20260822_1_PA026","TOR_20260822_1","B005"
"TOR_20260822_1_PA027","TOR_20260822_1","B013"
"TOR_20260822_1_PA028","TOR_20260822_1","B004"
"TOR_20260822_1_PA029","TOR_20260822_1","B017"
"TOR_20260822_1_PA030","TOR_20260822_1","B001"
"TOR_20260822_1_PA031","TOR_20260822_1","B009"
"TOR_20260822_1_PA032","TOR_20260822_1","B012"
"TOR_20260822_1_PA033","TOR_20260822_1","B008"
"TOR_20260822_1_PA034","TOR_20260822_1","B014"
"TOR_20260822_1_PA035","TOR_20260822_1","B005"
"TOR_20260822_1_PA036","TOR_20260822_1","B013"
"TOR_20260822_1_PA037","TOR_20260822_1","B004"
"TOR_20260822_1_PA038","TOR_20260822_1","B017"
"TOR_20260822_1_PA039","TOR_20260822_1","B001"
"TOR_20260822_1_PA040","TOR_20260822_1","B009"
"TOR_20260822_1_PA041","TOR_20260822_1","B012"
"TOR_20260822_1_PA042","TOR_20260822_1","B008"
"TOR_20260822_1_PA043","TOR_20260822_1","B014"
"TOR_20260823_1_PA001","TOR_20260823_1","B004"
"TOR_20260823_1_PA002","TOR_20260823_1","B017"
"TOR_20260823_1_PA003","TOR_20260823_1","B001"
"TOR_20260823_1_PA004","TOR_20260823_1","B009"
"TOR_20260823_1_PA005","TOR_20260823_1","B012"
"TOR_20260823_1_PA006","TOR_20260823_1","B008"
"TOR_20260823_1_PA007","TOR_20260823_1","B007"
"TOR_20260823_1_PA008","TOR_20260823_1","B005"
"TOR_20260823_1_PA009","TOR_20260823_1","B013"
"TOR_20260823_1_PA010","TOR_20260823_1","B004"
"TOR_20260823_1_PA011","TOR_20260823_1","B017"
"TOR_20260823_1_PA012","TOR_20260823_1","B001"
"TOR_20260823_1_PA013","TOR_20260823_1","B009"
"TOR_20260823_1_PA014","TOR_20260823_1","B012"
"TOR_20260823_1_PA015","TOR_20260823_1","B008"
"TOR_20260823_1_PA016","TOR_20260823_1","B007"
"TOR_20260823_1_PA017","TOR_20260823_1","B005"
"TOR_20260823_1_PA018","TOR_20260823_1","B013"
"TOR_20260823_1_PA019","TOR_20260823_1","B004"
"TOR_20260823_1_PA020","TOR_20260823_1","B017"
"TOR_20260823_1_PA021","TOR_20260823_1","B001"
"TOR_20260823_1_PA022","TOR_20260823_1","B009"
"TOR_20260823_1_PA023","TOR_20260823_1","B012"
"TOR_20260823_1_PA024","TOR_20260823_1","B008"
"TOR_20260823_1_PA025","TOR_20260823_1","B007"
"TOR_20260823_1_PA026","TOR_20260823_1","B005"
"TOR_20260823_1_PA027","TOR_20260823_1","B013"
"TOR_20260823_1_PA028","TOR_20260823_1","B004"
"TOR_20260823_1_PA029","TOR_20260823_1","B017"
"TOR_20260823_1_PA030","TOR_20260823_1","B001"
"TOR_20260823_1_PA031","TOR_20260823_1","B009"
"TOR_20260823_1_PA032","TOR_20260823_1","B012"
"TOR_20260823_1_PA033","TOR_20260823_1","B008"
"TOR_20260823_1_PA034","TOR_20260823_1","B007"
"TOR_20260823_1_PA035","TOR_20260823_1","B005"
"TOR_20260825_1_PA001","TOR_20260825_1","B004"
"TOR_20260825_1_PA002","TOR_20260825_1","B014"
"TOR_20260825_1_PA003","TOR_20260825_1","B017"
"TOR_20260825_1_PA004","TOR_20260825_1","B012"
"TOR_20260825_1_PA005","TOR_20260825_1","B010"
"TOR_20260825_1_PA006","TOR_20260825_1","B008"
"TOR_20260825_1_PA007","TOR_20260825_1","B002"
"TOR_20260825_1_PA008","TOR_20260825_1","B003"
"TOR_20260825_1_PA009","TOR_20260825_1","B013"
"TOR_20260825_1_PA010","TOR_20260825_1","B004"
"TOR_20260825_1_PA011","TOR_20260825_1","B014"
"TOR_20260825_1_PA012","TOR_20260825_1","B017"
"TOR_20260825_1_PA013","TOR_20260825_1","B012"
"TOR_20260825_1_PA014","TOR_20260825_1","B010"
"TOR_20260825_1_PA015","TOR_20260825_1","B008"
"TOR_20260825_1_PA016","TOR_20260825_1","B002"
"TOR_20260825_1_PA017","TOR_20260825_1","B003"
"TOR_20260825_1_PA018","TOR_20260825_1","B013"
"TOR_20260825_1_PA019","TOR_20260825_1","B004"
"TOR_20260825_1_PA020","TOR_20260825_1","B014"
"TOR_20260825_1_PA021","TOR_20260825_1","B017"
"TOR_20260825_1_PA022","TOR_20260825_1","B012"
"TOR_20260825_1_PA023","TOR_20260825_1","B010"
"TOR_20260825_1_PA024","TOR_20260825_1","B008"
"TOR_20260825_1_PA025","TOR_20260825_1","B002"
"TOR_20260825_1_PA026","TOR_20260825_1","B001"
"TOR_20260825_1_PA027","TOR_20260825_1","B009"
"TOR_20260825_1_PA028","TOR_20260825_1","B004"
"TOR_20260825_1_PA029","TOR_20260825_1","B014"
"TOR_20260825_1_PA030","TOR_20260825_1","B017"
"TOR_20260825_1_PA031","TOR_20260825_1","B012"
"TOR_20260825_1_PA032","TOR_20260825_1","B010"
"TOR_20260825_1_PA033","TOR_20260825_1","B008"
"TOR_20260825_1_PA034","TOR_20260825_1","B002"
"TOR_20260825_1_PA035","TOR_20260825_1","B001"
"TOR_20260825_1_PA036","TOR_20260825_1","B007"
"TOR_20260825_1_PA037","TOR_20260825_1","B004"
"TOR_20260825_1_PA038","TOR_20260825_1","B014"
"TOR_20260826_1_PA001","TOR_20260826_1","B004"
"TOR_20260826_1_PA002","TOR_20260826_1","B017"
"TOR_20260826_1_PA003","TOR_20260826_1","B001"
"TOR_20260826_1_PA004","TOR_20260826_1","B009"
"TOR_20260826_1_PA005","TOR_20260826_1","B010"
"TOR_20260826_1_PA006","TOR_20260826_1","B012"
"TOR_20260826_1_PA007","TOR_20260826_1","B014"
"TOR_20260826_1_PA008","TOR_20260826_1","B008"
"TOR_20260826_1_PA009","TOR_20260826_1","B002"
"TOR_20260826_1_PA010","TOR_20260826_1","B004"
"TOR_20260826_1_PA011","TOR_20260826_1","B017"
"TOR_20260826_1_PA012","TOR_20260826_1","B001"
"TOR_20260826_1_PA013","TOR_20260826_1","B009"
"TOR_20260826_1_PA014","TOR_20260826_1","B010"
"TOR_20260826_1_PA015","TOR_20260826_1","B012"
"TOR_20260826_1_PA016","TOR_20260826_1","B014"
"TOR_20260826_1_PA017","TOR_20260826_1","B008"
"TOR_20260826_1_PA018","TOR_20260826_1","B002"
"TOR_20260826_1_PA019","TOR_20260826_1","B004"
"TOR_20260826_1_PA020","TOR_20260826_1","B017"
"TOR_20260826_1_PA021","TOR_20260826_1","B001"
"TOR_20260826_1_PA022","TOR_20260826_1","B009"
"TOR_20260826_1_PA023","TOR_20260826_1","B010"
"TOR_20260826_1_PA024","TOR_20260826_1","B012"
"TOR_20260826_1_PA025","TOR_20260826_1","B014"
"TOR_20260826_1_PA026","TOR_20260826_1","B008"
"TOR_20260826_1_PA027","TOR_20260826_1","B002"
"TOR_20260826_1_PA028","TOR_20260826_1","B004"
"TOR_20260826_1_PA029","TOR_20260826_1","B017"
"TOR_20260826_1_PA030","TOR_20260826_1","B001"
"TOR_20260826_1_PA031","TOR_20260826_1","B009"
"TOR_20260827_1_PA001","TOR_20260827_1","B005"
"TOR_20260827_1_PA002","TOR_20260827_1","B017"
"TOR_20260827_1_PA003","TOR_20260827_1","B001"
"TOR_20260827_1_PA004","TOR_20260827_1","B009"
"TOR_20260827_1_PA005","TOR_20260827_1","B012"
"TOR_20260827_1_PA006","TOR_20260827_1","B008"
"TOR_20260827_1_PA007","TOR_20260827_1","B007"
"TOR_20260827_1_PA008","TOR_20260827_1","B013"
"TOR_20260827_1_PA009","TOR_20260827_1","B014"
"TOR_20260827_1_PA010","TOR_20260827_1","B005"
"TOR_20260827_1_PA011","TOR_20260827_1","B017"
"TOR_20260827_1_PA012","TOR_20260827_1","B001"
"TOR_20260827_1_PA013","TOR_20260827_1","B009"
"TOR_20260827_1_PA014","TOR_20260827_1","B001"
"TOR_20260827_1_PA015","TOR_20260827_1","B008"
"TOR_20260827_1_PA016","TOR_20260827_1","B007"
"TOR_20260827_1_PA017","TOR_20260827_1","B013"
"TOR_20260827_1_PA018","TOR_20260827_1","B014"
"TOR_20260827_1_PA019","TOR_20260827_1","B005"
"TOR_20260827_1_PA020","TOR_20260827_1","B017"
"TOR_20260827_1_PA021","TOR_20260827_1","B001"
"TOR_20260827_1_PA022","TOR_20260827_1","B009"
"TOR_20260827_1_PA023","TOR_20260827_1","B012"
"TOR_20260827_1_PA024","TOR_20260827_1","B008"
"TOR_20260827_1_PA025","TOR_20260827_1","B007"
"TOR_20260827_1_PA026","TOR_20260827_1","B013"
"TOR_20260827_1_PA027","TOR_20260827_1","B014"
"TOR_20260827_1_PA028","TOR_20260827_1","B005"
"TOR_20260827_1_PA029","TOR_20260827_1","B017"
"TOR_20260827_1_PA030","TOR_20260827_1","B001"
"TOR_20260827_1_PA031","TOR_20260827_1","B009"
"TOR_20260827_1_PA032","TOR_20260827_1","B012"
"TOR_20260827_1_PA033","TOR_20260827_1","B008"
"TOR_20260827_1_PA034","TOR_20260827_1","B007"
"TOR_20260827_1_PA035","TOR_20260827_1","B013"
"TOR_20260828_1_PA001","TOR_20260828_1","B004"
"TOR_20260828_1_PA002","TOR_20260828_1","B014"
"TOR_20260828_1_PA003","TOR_20260828_1","B017"
"TOR_20260828_1_PA004","TOR_20260828_1","B009"
"TOR_20260828_1_PA005","TOR_20260828_1","B010"
"TOR_20260828_1_PA006","TOR_20260828_1","B012"
"TOR_20260828_1_PA007","TOR_20260828_1","B002"
"TOR_20260828_1_PA008","TOR_20260828_1","B008"
"TOR_20260828_1_PA009","TOR_20260828_1","B003"
"TOR_20260828_1_PA010","TOR_20260828_1","B004"
"TOR_20260828_1_PA011","TOR_20260828_1","B014"
"TOR_20260828_1_PA012","TOR_20260828_1","B017"
"TOR_20260828_1_PA013","TOR_20260828_1","B009"
"TOR_20260828_1_PA014","TOR_20260828_1","B010"
"TOR_20260828_1_PA015","TOR_20260828_1","B012"
"TOR_20260828_1_PA016","TOR_20260828_1","B002"
"TOR_20260828_1_PA017","TOR_20260828_1","B008"
"TOR_20260828_1_PA018","TOR_20260828_1","B003"
"TOR_20260828_1_PA019","TOR_20260828_1","B004"
"TOR_20260828_1_PA020","TOR_20260828_1","B014"
"TOR_20260828_1_PA021","TOR_20260828_1","B017"
"TOR_20260828_1_PA022","TOR_20260828_1","B009"
"TOR_20260828_1_PA023","TOR_20260828_1","B010"
"TOR_20260828_1_PA024","TOR_20260828_1","B012"
"TOR_20260828_1_PA025","TOR_20260828_1","B002"
"TOR_20260828_1_PA026","TOR_20260828_1","B008"
"TOR_20260828_1_PA027","TOR_20260828_1","B003"
"TOR_20260828_1_PA028","TOR_20260828_1","B004"
"TOR_20260828_1_PA029","TOR_20260828_1","B014"
"TOR_20260828_1_PA030","TOR_20260828_1","B017"
"TOR_20260828_1_PA031","TOR_20260828_1","B009"
"TOR_20260828_1_PA032","TOR_20260828_1","B013"
"TOR_20260828_1_PA033","TOR_20260828_1","B012"
"TOR_20260828_1_PA034","TOR_20260828_1","B002"
"TOR_20260828_1_PA035","TOR_20260828_1","B008"
"TOR_20260828_1_PA036","TOR_20260828_1","B003"
"TOR_20260828_1_PA037","TOR_20260828_1","B004"
"TOR_20260828_1_PA038","TOR_20260828_1","B014"
"TOR_20260829_1_PA001","TOR_20260829_1","B004"
"TOR_20260829_1_PA002","TOR_20260829_1","B001"
"TOR_20260829_1_PA003","TOR_20260829_1","B017"
"TOR_20260829_1_PA004","TOR_20260829_1","B009"
"TOR_20260829_1_PA005","TOR_20260829_1","B012"
"TOR_20260829_1_PA006","TOR_20260829_1","B005"
"TOR_20260829_1_PA007","TOR_20260829_1","B008"
"TOR_20260829_1_PA008","TOR_20260829_1","B007"
"TOR_20260829_1_PA009","TOR_20260829_1","B013"
"TOR_20260829_1_PA010","TOR_20260829_1","B004"
"TOR_20260829_1_PA011","TOR_20260829_1","B001"
"TOR_20260829_1_PA012","TOR_20260829_1","B017"
"TOR_20260829_1_PA013","TOR_20260829_1","B009"
"TOR_20260829_1_PA014","TOR_20260829_1","B012"
"TOR_20260829_1_PA015","TOR_20260829_1","B005"
"TOR_20260829_1_PA016","TOR_20260829_1","B008"
"TOR_20260829_1_PA017","TOR_20260829_1","B007"
"TOR_20260829_1_PA018","TOR_20260829_1","B013"
"TOR_20260829_1_PA019","TOR_20260829_1","B004"
"TOR_20260829_1_PA020","TOR_20260829_1","B001"
"TOR_20260829_1_PA021","TOR_20260829_1","B017"
"TOR_20260829_1_PA022","TOR_20260829_1","B009"
"TOR_20260829_1_PA023","TOR_20260829_1","B012"
"TOR_20260829_1_PA024","TOR_20260829_1","B005"
"TOR_20260829_1_PA025","TOR_20260829_1","B008"
"TOR_20260829_1_PA026","TOR_20260829_1","B007"
"TOR_20260829_1_PA027","TOR_20260829_1","B013"
"TOR_20260829_1_PA028","TOR_20260829_1","B004"
"TOR_20260829_1_PA029","TOR_20260829_1","B001"
"TOR_20260829_1_PA030","TOR_20260829_1","B017"
"TOR_20260829_1_PA031","TOR_20260829_1","B009"
"TOR_20260829_1_PA032","TOR_20260829_1","B012"
"TOR_20260829_1_PA033","TOR_20260829_1","B010"
"TOR_20260829_1_PA034","TOR_20260829_1","B008"
"TOR_20260829_1_PA035","TOR_20260829_1","B014"
"TOR_20260829_1_PA036","TOR_20260829_1","B013"
"TOR_20260830_1_PA001","TOR_20260830_1","B004"
"TOR_20260830_1_PA002","TOR_20260830_1","B017"
"TOR_20260830_1_PA003","TOR_20260830_1","B001"
"TOR_20260830_1_PA004","TOR_20260830_1","B009"
"TOR_20260830_1_PA005","TOR_20260830_1","B014"
"TOR_20260830_1_PA006","TOR_20260830_1","B012"
"TOR_20260830_1_PA007","TOR_20260830_1","B002"
"TOR_20260830_1_PA008","TOR_20260830_1","B005"
"TOR_20260830_1_PA009","TOR_20260830_1","B013"
"TOR_20260830_1_PA010","TOR_20260830_1","B004"
"TOR_20260830_1_PA011","TOR_20260830_1","B017"
"TOR_20260830_1_PA012","TOR_20260830_1","B001"
"TOR_20260830_1_PA013","TOR_20260830_1","B009"
"TOR_20260830_1_PA014","TOR_20260830_1","B014"
"TOR_20260830_1_PA015","TOR_20260830_1","B012"
"TOR_20260830_1_PA016","TOR_20260830_1","B002"
"TOR_20260830_1_PA017","TOR_20260830_1","B005"
"TOR_20260830_1_PA018","TOR_20260830_1","B013"
"TOR_20260830_1_PA019","TOR_20260830_1","B004"
"TOR_20260830_1_PA020","TOR_20260830_1","B017"
"TOR_20260830_1_PA021","TOR_20260830_1","B001"
"TOR_20260830_1_PA022","TOR_20260830_1","B009"
"TOR_20260830_1_PA023","TOR_20260830_1","B014"
"TOR_20260830_1_PA024","TOR_20260830_1","B012"
"TOR_20260830_1_PA025","TOR_20260830_1","B002"
"TOR_20260830_1_PA026","TOR_20260830_1","B005"
"TOR_20260830_1_PA027","TOR_20260830_1","B013"
"TOR_20260830_1_PA028","TOR_20260830_1","B004"
"TOR_20260830_1_PA029","TOR_20260830_1","B017"
"TOR_20260830_1_PA030","TOR_20260830_1","B001"
"TOR_20260830_1_PA031","TOR_20260830_1","B009"
"TOR_20260830_1_PA032","TOR_20260830_1","B014"
"TOR_20260830_1_PA033","TOR_20260830_1","B012"
"TOR_20260830_1_PA034","TOR_20260830_1","B002"
"TOR_20260830_1_PA035","TOR_20260830_1","B008"
"TOR_20260830_1_PA036","TOR_20260830_1","B013"
"TOR_20260830_1_PA037","TOR_20260830_1","B004"
"TOR_20260830_1_PA038","TOR_20260830_1","B017"
"TOR_20260901_1_PA001","TOR_20260901_1","B004"
"TOR_20260901_1_PA002","TOR_20260901_1","B001"
"TOR_20260901_1_PA003","TOR_20260901_1","B017"
"TOR_20260901_1_PA004","TOR_20260901_1","B009"
"TOR_20260901_1_PA005","TOR_20260901_1","B014"
"TOR_20260901_1_PA006","TOR_20260901_1","B012"
"TOR_20260901_1_PA007","TOR_20260901_1","B002"
"TOR_20260901_1_PA008","TOR_20260901_1","B008"
"TOR_20260901_1_PA009","TOR_20260901_1","B013"
"TOR_20260901_1_PA010","TOR_20260901_1","B004"
"TOR_20260901_1_PA011","TOR_20260901_1","B001"
"TOR_20260901_1_PA012","TOR_20260901_1","B017"
"TOR_20260901_1_PA013","TOR_20260901_1","B009"
"TOR_20260901_1_PA014","TOR_20260901_1","B014"
"TOR_20260901_1_PA015","TOR_20260901_1","B012"
"TOR_20260901_1_PA016","TOR_20260901_1","B002"
"TOR_20260901_1_PA017","TOR_20260901_1","B008"
"TOR_20260901_1_PA018","TOR_20260901_1","B013"
"TOR_20260901_1_PA019","TOR_20260901_1","B004"
"TOR_20260901_1_PA020","TOR_20260901_1","B001"
"TOR_20260901_1_PA021","TOR_20260901_1","B017"
"TOR_20260901_1_PA022","TOR_20260901_1","B009"
"TOR_20260901_1_PA023","TOR_20260901_1","B014"
"TOR_20260901_1_PA024","TOR_20260901_1","B012"
"TOR_20260901_1_PA025","TOR_20260901_1","B002"
"TOR_20260901_1_PA026","TOR_20260901_1","B008"
"TOR_20260901_1_PA027","TOR_20260901_1","B010"
"TOR_20260901_1_PA028","TOR_20260901_1","B004"
"TOR_20260901_1_PA029","TOR_20260901_1","B001"
"TOR_20260901_1_PA030","TOR_20260901_1","B017"
"TOR_20260901_1_PA031","TOR_20260901_1","B009"
"TOR_20260901_1_PA032","TOR_20260901_1","B014"
"TOR_20260902_1_PA001","TOR_20260902_1","B004"
"TOR_20260902_1_PA002","TOR_20260902_1","B009"
"TOR_20260902_1_PA003","TOR_20260902_1","B017"
"TOR_20260902_1_PA004","TOR_20260902_1","B001"
"TOR_20260902_1_PA005","TOR_20260902_1","B012"
"TOR_20260902_1_PA006","TOR_20260902_1","B014"
"TOR_20260902_1_PA007","TOR_20260902_1","B008"
"TOR_20260902_1_PA008","TOR_20260902_1","B002"
"TOR_20260902_1_PA009","TOR_20260902_1","B013"
"TOR_20260902_1_PA010","TOR_20260902_1","B004"
"TOR_20260902_1_PA011","TOR_20260902_1","B009"
"TOR_20260902_1_PA012","TOR_20260902_1","B017"
"TOR_20260902_1_PA013","TOR_20260902_1","B001"
"TOR_20260902_1_PA014","TOR_20260902_1","B012"
"TOR_20260902_1_PA015","TOR_20260902_1","B014"
"TOR_20260902_1_PA016","TOR_20260902_1","B008"
"TOR_20260902_1_PA017","TOR_20260902_1","B002"
"TOR_20260902_1_PA018","TOR_20260902_1","B013"
"TOR_20260902_1_PA019","TOR_20260902_1","B004"
"TOR_20260902_1_PA020","TOR_20260902_1","B009"
"TOR_20260902_1_PA021","TOR_20260902_1","B017"
"TOR_20260902_1_PA022","TOR_20260902_1","B001"
"TOR_20260902_1_PA023","TOR_20260902_1","B012"
"TOR_20260902_1_PA024","TOR_20260902_1","B014"
"TOR_20260902_1_PA025","TOR_20260902_1","B008"
"TOR_20260902_1_PA026","TOR_20260902_1","B002"
"TOR_20260902_1_PA027","TOR_20260902_1","B013"
"TOR_20260902_1_PA028","TOR_20260902_1","B004"
"TOR_20260902_1_PA029","TOR_20260902_1","B009"
"TOR_20260902_1_PA030","TOR_20260902_1","B017"
"TOR_20260902_1_PA031","TOR_20260902_1","B001"
"TOR_20260902_1_PA032","TOR_20260902_1","B012"
"TOR_20260902_1_PA033","TOR_20260902_1","B014"
"TOR_20260902_1_PA034","TOR_20260902_1","B008"
"TOR_20260902_1_PA035","TOR_20260902_1","B011"
"TOR_20260902_1_PA036","TOR_20260902_1","B013"
"TOR_20260902_1_PA037","TOR_20260902_1","B004"
"TOR_20260902_1_PA038","TOR_20260902_1","B010"
"TOR_20260902_1_PA039","TOR_20260902_1","B016"
"TOR_20260902_1_PA040","TOR_20260902_1","B001"
"TOR_20260902_1_PA041","TOR_20260902_1","B005"
"TOR_20260902_1_PA042","TOR_20260902_1","B014"
"TOR_20260902_1_PA043","TOR_20260902_1","B008"
"TOR_20260902_1_PA044","TOR_20260902_1","B011"
"TOR_20260903_1_PA001","TOR_20260903_1","B004"
"TOR_20260903_1_PA002","TOR_20260903_1","B014"
"TOR_20260903_1_PA003","TOR_20260903_1","B017"
"TOR_20260903_1_PA004","TOR_20260903_1","B010"
"TOR_20260903_1_PA005","TOR_20260903_1","B016"
"TOR_20260903_1_PA006","TOR_20260903_1","B002"
"TOR_20260903_1_PA007","TOR_20260903_1","B008"
"TOR_20260903_1_PA008","TOR_20260903_1","B003"
"TOR_20260903_1_PA009","TOR_20260903_1","B004"
"TOR_20260903_1_PA010","TOR_20260903_1","B014"
"TOR_20260903_1_PA011","TOR_20260903_1","B017"
"TOR_20260903_1_PA012","TOR_20260903_1","B010"
"TOR_20260903_1_PA013","TOR_20260903_1","B016"
"TOR_20260903_1_PA014","TOR_20260903_1","B011"
"TOR_20260903_1_PA015","TOR_20260903_1","B002"
"TOR_20260903_1_PA016","TOR_20260903_1","B008"
"TOR_20260903_1_PA017","TOR_20260903_1","B003"
"TOR_20260903_1_PA018","TOR_20260903_1","B004"
"TOR_20260903_1_PA019","TOR_20260903_1","B014"
"TOR_20260903_1_PA020","TOR_20260903_1","B017"
"TOR_20260903_1_PA021","TOR_20260903_1","B010"
"TOR_20260903_1_PA022","TOR_20260903_1","B016"
"TOR_20260903_1_PA023","TOR_20260903_1","B011"
"TOR_20260903_1_PA024","TOR_20260903_1","B002"
"TOR_20260903_1_PA025","TOR_20260903_1","B008"
"TOR_20260903_1_PA026","TOR_20260903_1","B003"
"TOR_20260903_1_PA027","TOR_20260903_1","B004"
"TOR_20260903_1_PA028","TOR_20260903_1","B014"
"TOR_20260903_1_PA029","TOR_20260903_1","B017"
"TOR_20260903_1_PA030","TOR_20260903_1","B013"
"TOR_20260903_1_PA031","TOR_20260903_1","B016"
"TOR_20260903_1_PA032","TOR_20260903_1","B011"
"TOR_20260903_1_PA033","TOR_20260903_1","B002"
"TOR_20260903_1_PA034","TOR_20260903_1","B008"
"TOR_20260903_1_PA035","TOR_20260903_1","B003"
"TOR_20260903_1_PA036","TOR_20260903_1","B004"
"TOR_20260903_1_PA037","TOR_20260903_1","B014"
"TOR_20260903_1_PA038","TOR_20260903_1","B017"
"TOR_20260903_1_PA039","TOR_20260903_1","B013"
"TOR_20260903_1_PA040","TOR_20260903_1","B016"
"TOR_20260903_1_PA041","TOR_20260903_1","B011"
"TOR_20260903_1_PA042","TOR_20260903_1","B002"
"TOR_20260903_1_PA043","TOR_20260903_1","B008"
"TOR_20260903_1_PA044","TOR_20260903_1","B003"
"TOR_20260904_1_PA001","TOR_20260904_1","B004"
"TOR_20260904_1_PA002","TOR_20260904_1","B009"
"TOR_20260904_1_PA003","TOR_20260904_1","B017"
"TOR_20260904_1_PA004","TOR_20260904_1","B001"
"TOR_20260904_1_PA005","TOR_20260904_1","B012"
"TOR_20260904_1_PA006","TOR_20260904_1","B005"
"TOR_20260904_1_PA007","TOR_20260904_1","B008"
"TOR_20260904_1_PA008","TOR_20260904_1","B014"
"TOR_20260904_1_PA009","TOR_20260904_1","B013"
"TOR_20260904_1_PA010","TOR_20260904_1","B004"
"TOR_20260904_1_PA011","TOR_20260904_1","B009"
"TOR_20260904_1_PA012","TOR_20260904_1","B017"
"TOR_20260904_1_PA013","TOR_20260904_1","B001"
"TOR_20260904_1_PA014","TOR_20260904_1","B012"
"TOR_20260904_1_PA015","TOR_20260904_1","B005"
"TOR_20260904_1_PA016","TOR_20260904_1","B008"
"TOR_20260904_1_PA017","TOR_20260904_1","B014"
"TOR_20260904_1_PA018","TOR_20260904_1","B013"
"TOR_20260904_1_PA019","TOR_20260904_1","B004"
"TOR_20260904_1_PA020","TOR_20260904_1","B009"
"TOR_20260904_1_PA021","TOR_20260904_1","B017"
"TOR_20260904_1_PA022","TOR_20260904_1","B001"
"TOR_20260904_1_PA023","TOR_20260904_1","B012"
"TOR_20260904_1_PA024","TOR_20260904_1","B005"
"TOR_20260904_1_PA025","TOR_20260904_1","B008"
"TOR_20260904_1_PA026","TOR_20260904_1","B014"
"TOR_20260904_1_PA027","TOR_20260904_1","B013"
"TOR_20260904_1_PA028","TOR_20260904_1","B004"
"TOR_20260904_1_PA029","TOR_20260904_1","B009"
"TOR_20260904_1_PA030","TOR_20260904_1","B017"
"TOR_20260904_1_PA031","TOR_20260904_1","B001"
"TOR_20260904_1_PA032","TOR_20260904_1","B012"
"TOR_20260904_1_PA033","TOR_20260904_1","B011"
"TOR_20260904_1_PA034","TOR_20260904_1","B005"
"TOR_20260904_1_PA035","TOR_20260904_1","B014"
"TOR_20260904_1_PA036","TOR_20260904_1","B013"
"TOR_20260904_1_PA037","TOR_20260904_1","B004"
"TOR_20260904_1_PA038","TOR_20260904_1","B009"
"TOR_20260904_1_PA039","TOR_20260904_1","B016"
"TOR_20260904_1_PA040","TOR_20260904_1","B001"
"TOR_20260904_1_PA041","TOR_20260904_1","B012"
"TOR_20260904_1_PA042","TOR_20260904_1","B011"
"TOR_20260904_1_PA043","TOR_20260904_1","B008"
"TOR_20260905_1_PA001","TOR_20260905_1","B004"
"TOR_20260905_1_PA002","TOR_20260905_1","B009"
"TOR_20260905_1_PA003","TOR_20260905_1","B017"
"TOR_20260905_1_PA004","TOR_20260905_1","B001"
"TOR_20260905_1_PA005","TOR_20260905_1","B014"
"TOR_20260905_1_PA006","TOR_20260905_1","B012"
"TOR_20260905_1_PA007","TOR_20260905_1","B002"
"TOR_20260905_1_PA008","TOR_20260905_1","B008"
"TOR_20260905_1_PA009","TOR_20260905_1","B013"
"TOR_20260905_1_PA010","TOR_20260905_1","B004"
"TOR_20260905_1_PA011","TOR_20260905_1","B009"
"TOR_20260905_1_PA012","TOR_20260905_1","B017"
"TOR_20260905_1_PA013","TOR_20260905_1","B001"
"TOR_20260905_1_PA014","TOR_20260905_1","B014"
"TOR_20260905_1_PA015","TOR_20260905_1","B012"
"TOR_20260905_1_PA016","TOR_20260905_1","B002"
"TOR_20260905_1_PA017","TOR_20260905_1","B008"
"TOR_20260905_1_PA018","TOR_20260905_1","B013"
"TOR_20260905_1_PA019","TOR_20260905_1","B004"
"TOR_20260905_1_PA020","TOR_20260905_1","B009"
"TOR_20260905_1_PA021","TOR_20260905_1","B017"
"TOR_20260905_1_PA022","TOR_20260905_1","B001"
"TOR_20260905_1_PA023","TOR_20260905_1","B014"
"TOR_20260905_1_PA024","TOR_20260905_1","B012"
"TOR_20260905_1_PA025","TOR_20260905_1","B002"
"TOR_20260905_1_PA026","TOR_20260905_1","B008"
"TOR_20260905_1_PA027","TOR_20260905_1","B013"
"TOR_20260905_1_PA028","TOR_20260905_1","B004"
"TOR_20260905_1_PA029","TOR_20260905_1","B009"
"TOR_20260905_1_PA030","TOR_20260905_1","B017"
"TOR_20260905_1_PA031","TOR_20260905_1","B001"
"TOR_20260905_1_PA032","TOR_20260905_1","B014"
"TOR_20260905_1_PA033","TOR_20260905_1","B012"
"TOR_20260905_1_PA034","TOR_20260905_1","B002"
"TOR_20260905_1_PA035","TOR_20260905_1","B008"
"TOR_20260905_1_PA036","TOR_20260905_1","B013"
"TOR_20260905_1_PA037","TOR_20260905_1","B004"
"TOR_20260905_1_PA038","TOR_20260905_1","B009"
"TOR_20260905_1_PA039","TOR_20260905_1","B017"
"TOR_20260905_1_PA040","TOR_20260905_1","B001"
"TOR_20260905_1_PA041","TOR_20260905_1","B014"
"TOR_20260905_1_PA042","TOR_20260905_1","B012"
"TOR_20260906_1_PA001","TOR_20260906_1","B004"
"TOR_20260906_1_PA002","TOR_20260906_1","B014"
"TOR_20260906_1_PA003","TOR_20260906_1","B017"
"TOR_20260906_1_PA004","TOR_20260906_1","B010"
"TOR_20260906_1_PA005","TOR_20260906_1","B012"
"TOR_20260906_1_PA006","TOR_20260906_1","B016"
"TOR_20260906_1_PA007","TOR_20260906_1","B011"
"TOR_20260906_1_PA008","TOR_20260906_1","B002"
"TOR_20260906_1_PA009","TOR_20260906_1","B003"
"TOR_20260906_1_PA010","TOR_20260906_1","B004"
"TOR_20260906_1_PA011","TOR_20260906_1","B014"
"TOR_20260906_1_PA012","TOR_20260906_1","B017"
"TOR_20260906_1_PA013","TOR_20260906_1","B010"
"TOR_20260906_1_PA014","TOR_20260906_1","B012"
"TOR_20260906_1_PA015","TOR_20260906_1","B016"
"TOR_20260906_1_PA016","TOR_20260906_1","B011"
"TOR_20260906_1_PA017","TOR_20260906_1","B002"
"TOR_20260906_1_PA018","TOR_20260906_1","B003"
"TOR_20260906_1_PA019","TOR_20260906_1","B004"
"TOR_20260906_1_PA020","TOR_20260906_1","B014"
"TOR_20260906_1_PA021","TOR_20260906_1","B017"
"TOR_20260906_1_PA022","TOR_20260906_1","B013"
"TOR_20260906_1_PA023","TOR_20260906_1","B012"
"TOR_20260906_1_PA024","TOR_20260906_1","B005"
"TOR_20260906_1_PA025","TOR_20260906_1","B009"
"TOR_20260906_1_PA026","TOR_20260906_1","B002"
"TOR_20260906_1_PA027","TOR_20260906_1","B003"
"TOR_20260906_1_PA028","TOR_20260906_1","B004"
"TOR_20260906_1_PA029","TOR_20260906_1","B014"
"TOR_20260906_1_PA030","TOR_20260906_1","B017"
"TOR_20260906_1_PA031","TOR_20260906_1","B013"
"TOR_20260906_1_PA032","TOR_20260906_1","B012"
"TOR_20260906_1_PA033","TOR_20260906_1","B005"
"TOR_20260906_1_PA034","TOR_20260906_1","B008"
"TOR_20260907_1_PA001","TOR_20260907_1","B004"
"TOR_20260907_1_PA002","TOR_20260907_1","B009"
"TOR_20260907_1_PA003","TOR_20260907_1","B017"
"TOR_20260907_1_PA004","TOR_20260907_1","B001"
"TOR_20260907_1_PA005","TOR_20260907_1","B012"
"TOR_20260907_1_PA006","TOR_20260907_1","B014"
"TOR_20260907_1_PA007","TOR_20260907_1","B008"
"TOR_20260907_1_PA008","TOR_20260907_1","B002"
"TOR_20260907_1_PA009","TOR_20260907_1","B013"
"TOR_20260907_1_PA010","TOR_20260907_1","B004"
"TOR_20260907_1_PA011","TOR_20260907_1","B009"
"TOR_20260907_1_PA012","TOR_20260907_1","B017"
"TOR_20260907_1_PA013","TOR_20260907_1","B001"
"TOR_20260907_1_PA014","TOR_20260907_1","B012"
"TOR_20260907_1_PA015","TOR_20260907_1","B014"
"TOR_20260907_1_PA016","TOR_20260907_1","B008"
"TOR_20260907_1_PA017","TOR_20260907_1","B002"
"TOR_20260907_1_PA018","TOR_20260907_1","B013"
"TOR_20260907_1_PA019","TOR_20260907_1","B004"
"TOR_20260907_1_PA020","TOR_20260907_1","B009"
"TOR_20260907_1_PA021","TOR_20260907_1","B017"
"TOR_20260907_1_PA022","TOR_20260907_1","B001"
"TOR_20260907_1_PA023","TOR_20260907_1","B012"
"TOR_20260907_1_PA024","TOR_20260907_1","B014"
"TOR_20260907_1_PA025","TOR_20260907_1","B008"
"TOR_20260907_1_PA026","TOR_20260907_1","B002"
"TOR_20260907_1_PA027","TOR_20260907_1","B011"
"TOR_20260907_1_PA028","TOR_20260907_1","B004"
"TOR_20260907_1_PA029","TOR_20260907_1","B009"
"TOR_20260907_1_PA030","TOR_20260907_1","B017"
"TOR_20260907_1_PA031","TOR_20260907_1","B001"
"TOR_20260907_1_PA032","TOR_20260907_1","B012"
"TOR_20260907_1_PA033","TOR_20260907_1","B014"
"TOR_20260907_1_PA034","TOR_20260907_1","B008"
"TOR_20260907_1_PA035","TOR_20260907_1","B002"
"TOR_20260907_1_PA036","TOR_20260907_1","B011"
"TOR_20260907_1_PA037","TOR_20260907_1","B004"
"TOR_20260907_1_PA038","TOR_20260907_1","B009"
"TOR_20260908_1_PA001","TOR_20260908_1","B004"
"TOR_20260908_1_PA002","TOR_20260908_1","B014"
"TOR_20260908_1_PA003","TOR_20260908_1","B017"
"TOR_20260908_1_PA004","TOR_20260908_1","B001"
"TOR_20260908_1_PA005","TOR_20260908_1","B011"
"TOR_20260908_1_PA006","TOR_20260908_1","B012"
"TOR_20260908_1_PA007","TOR_20260908_1","B002"
"TOR_20260908_1_PA008","TOR_20260908_1","B010"
"TOR_20260908_1_PA009","TOR_20260908_1","B008"
"TOR_20260908_1_PA010","TOR_20260908_1","B004"
"TOR_20260908_1_PA011","TOR_20260908_1","B014"
"TOR_20260908_1_PA012","TOR_20260908_1","B017"
"TOR_20260908_1_PA013","TOR_20260908_1","B001"
"TOR_20260908_1_PA014","TOR_20260908_1","B011"
"TOR_20260908_1_PA015","TOR_20260908_1","B012"
"TOR_20260908_1_PA016","TOR_20260908_1","B002"
"TOR_20260908_1_PA017","TOR_20260908_1","B010"
"TOR_20260908_1_PA018","TOR_20260908_1","B008"
"TOR_20260908_1_PA019","TOR_20260908_1","B004"
"TOR_20260908_1_PA020","TOR_20260908_1","B014"
"TOR_20260908_1_PA021","TOR_20260908_1","B017"
"TOR_20260908_1_PA022","TOR_20260908_1","B001"
"TOR_20260908_1_PA023","TOR_20260908_1","B011"
"TOR_20260908_1_PA024","TOR_20260908_1","B012"
"TOR_20260908_1_PA025","TOR_20260908_1","B002"
"TOR_20260908_1_PA026","TOR_20260908_1","B010"
"TOR_20260908_1_PA027","TOR_20260908_1","B008"
"TOR_20260908_1_PA028","TOR_20260908_1","B004"
"TOR_20260908_1_PA029","TOR_20260908_1","B014"
"TOR_20260908_1_PA030","TOR_20260908_1","B017"
"TOR_20260908_1_PA031","TOR_20260908_1","B001"
"TOR_20260908_1_PA032","TOR_20260908_1","B011"
"TOR_20260908_1_PA033","TOR_20260908_1","B012"
"TOR_20260908_1_PA034","TOR_20260908_1","B002"
"TOR_20260908_1_PA035","TOR_20260908_1","B010"
"TOR_20260908_1_PA036","TOR_20260908_1","B008"
"TOR_20260909_1_PA001","TOR_20260909_1","B004"
"TOR_20260909_1_PA002","TOR_20260909_1","B005"
"TOR_20260909_1_PA003","TOR_20260909_1","B017"
"TOR_20260909_1_PA004","TOR_20260909_1","B001"
"TOR_20260909_1_PA005","TOR_20260909_1","B012"
"TOR_20260909_1_PA006","TOR_20260909_1","B002"
"TOR_20260909_1_PA007","TOR_20260909_1","B008"
"TOR_20260909_1_PA008","TOR_20260909_1","B003"
"TOR_20260909_1_PA009","TOR_20260909_1","B013"
"TOR_20260909_1_PA010","TOR_20260909_1","B004"
"TOR_20260909_1_PA011","TOR_20260909_1","B005"
"TOR_20260909_1_PA012","TOR_20260909_1","B017"
"TOR_20260909_1_PA013","TOR_20260909_1","B001"
"TOR_20260909_1_PA014","TOR_20260909_1","B012"
"TOR_20260909_1_PA015","TOR_20260909_1","B002"
"TOR_20260909_1_PA016","TOR_20260909_1","B008"
"TOR_20260909_1_PA017","TOR_20260909_1","B003"
"TOR_20260909_1_PA018","TOR_20260909_1","B013"
"TOR_20260909_1_PA019","TOR_20260909_1","B004"
"TOR_20260909_1_PA020","TOR_20260909_1","B014"
"TOR_20260909_1_PA021","TOR_20260909_1","B017"
"TOR_20260909_1_PA022","TOR_20260909_1","B001"
"TOR_20260909_1_PA023","TOR_20260909_1","B012"
"TOR_20260909_1_PA024","TOR_20260909_1","B002"
"TOR_20260909_1_PA025","TOR_20260909_1","B008"
"TOR_20260909_1_PA026","TOR_20260909_1","B003"
"TOR_20260909_1_PA027","TOR_20260909_1","B011"
"TOR_20260909_1_PA028","TOR_20260909_1","B004"
"TOR_20260909_1_PA029","TOR_20260909_1","B009"
"TOR_20260909_1_PA030","TOR_20260909_1","B017"
"TOR_20260909_1_PA031","TOR_20260909_1","B001"
"TOR_20260909_1_PA032","TOR_20260909_1","B012"
"TOR_20260909_1_PA033","TOR_20260909_1","B002"
"TOR_20260909_1_PA034","TOR_20260909_1","B008"
"TOR_20260911_1_PA001","TOR_20260911_1","B004"
"TOR_20260911_1_PA002","TOR_20260911_1","B009"
"TOR_20260911_1_PA003","TOR_20260911_1","B017"
"TOR_20260911_1_PA004","TOR_20260911_1","B001"
"TOR_20260911_1_PA005","TOR_20260911_1","B014"
"TOR_20260911_1_PA006","TOR_20260911_1","B012"
"TOR_20260911_1_PA007","TOR_20260911_1","B011"
"TOR_20260911_1_PA008","TOR_20260911_1","B002"
"TOR_20260911_1_PA009","TOR_20260911_1","B008"
"TOR_20260911_1_PA010","TOR_20260911_1","B004"
"TOR_20260911_1_PA011","TOR_20260911_1","B009"
"TOR_20260911_1_PA012","TOR_20260911_1","B017"
"TOR_20260911_1_PA013","TOR_20260911_1","B001"
"TOR_20260911_1_PA014","TOR_20260911_1","B014"
"TOR_20260911_1_PA015","TOR_20260911_1","B012"
"TOR_20260911_1_PA016","TOR_20260911_1","B011"
"TOR_20260911_1_PA017","TOR_20260911_1","B002"
"TOR_20260911_1_PA018","TOR_20260911_1","B008"
"TOR_20260911_1_PA019","TOR_20260911_1","B004"
"TOR_20260911_1_PA020","TOR_20260911_1","B009"
"TOR_20260911_1_PA021","TOR_20260911_1","B017"
"TOR_20260911_1_PA022","TOR_20260911_1","B001"
"TOR_20260911_1_PA023","TOR_20260911_1","B014"
"TOR_20260911_1_PA024","TOR_20260911_1","B012"
"TOR_20260911_1_PA025","TOR_20260911_1","B005"
"TOR_20260911_1_PA026","TOR_20260911_1","B002"
"TOR_20260911_1_PA027","TOR_20260911_1","B008"
"TOR_20260911_1_PA028","TOR_20260911_1","B004"
"TOR_20260911_1_PA029","TOR_20260911_1","B009"
"TOR_20260911_1_PA030","TOR_20260911_1","B017"
"TOR_20260911_1_PA031","TOR_20260911_1","B001"
"TOR_20260911_1_PA032","TOR_20260911_1","B014"
"TOR_20260911_1_PA033","TOR_20260911_1","B012"
"TOR_20260911_1_PA034","TOR_20260911_1","B005"
"TOR_20260911_1_PA035","TOR_20260911_1","B002"
"TOR_20260911_1_PA036","TOR_20260911_1","B008"
"TOR_20260911_1_PA037","TOR_20260911_1","B004"
"TOR_20260911_1_PA038","TOR_20260911_1","B009"
"TOR_20260911_1_PA039","TOR_20260911_1","B017"
"TOR_20260911_1_PA040","TOR_20260911_1","B001"
"TOR_20260912_1_PA001","TOR_20260912_1","B004"
"TOR_20260912_1_PA002","TOR_20260912_1","B009"
"TOR_20260912_1_PA003","TOR_20260912_1","B017"
"TOR_20260912_1_PA004","TOR_20260912_1","B001"
"TOR_20260912_1_PA005","TOR_20260912_1","B014"
"TOR_20260912_1_PA006","TOR_20260912_1","B012"
"TOR_20260912_1_PA007","TOR_20260912_1","B011"
"TOR_20260912_1_PA008","TOR_20260912_1","B002"
"TOR_20260912_1_PA009","TOR_20260912_1","B015"
"TOR_20260912_1_PA010","TOR_20260912_1","B004"
"TOR_20260912_1_PA011","TOR_20260912_1","B009"
"TOR_20260912_1_PA012","TOR_20260912_1","B017"
"TOR_20260912_1_PA013","TOR_20260912_1","B001"
"TOR_20260912_1_PA014","TOR_20260912_1","B014"
"TOR_20260912_1_PA015","TOR_20260912_1","B012"
"TOR_20260912_1_PA016","TOR_20260912_1","B011"
"TOR_20260912_1_PA017","TOR_20260912_1","B002"
"TOR_20260912_1_PA018","TOR_20260912_1","B015"
"TOR_20260912_1_PA019","TOR_20260912_1","B004"
"TOR_20260912_1_PA020","TOR_20260912_1","B009"
"TOR_20260912_1_PA021","TOR_20260912_1","B017"
"TOR_20260912_1_PA022","TOR_20260912_1","B001"
"TOR_20260912_1_PA023","TOR_20260912_1","B014"
"TOR_20260912_1_PA024","TOR_20260912_1","B012"
"TOR_20260912_1_PA025","TOR_20260912_1","B011"
"TOR_20260912_1_PA026","TOR_20260912_1","B002"
"TOR_20260912_1_PA027","TOR_20260912_1","B015"
"TOR_20260912_1_PA028","TOR_20260912_1","B004"
"TOR_20260912_1_PA029","TOR_20260912_1","B009"
"TOR_20260912_1_PA030","TOR_20260912_1","B017"
"TOR_20260912_1_PA031","TOR_20260912_1","B001"
"TOR_20260912_1_PA032","TOR_20260912_1","B014"
"TOR_20260912_1_PA033","TOR_20260912_1","B012"
"TOR_20260912_1_PA034","TOR_20260912_1","B008"
"TOR_20260912_1_PA035","TOR_20260912_1","B002"
"TOR_20260912_1_PA036","TOR_20260912_1","B015"
"TOR_20260912_1_PA037","TOR_20260912_1","B004"
"TOR_20260912_1_PA038","TOR_20260912_1","B009"
"TOR_20260912_1_PA039","TOR_20260912_1","B017"
"TOR_20260913_1_PA001","TOR_20260913_1","B004"
"TOR_20260913_1_PA002","TOR_20260913_1","B009"
"TOR_20260913_1_PA003","TOR_20260913_1","B017"
"TOR_20260913_1_PA004","TOR_20260913_1","B012"
"TOR_20260913_1_PA005","TOR_20260913_1","B005"
"TOR_20260913_1_PA006","TOR_20260913_1","B008"
"TOR_20260913_1_PA007","TOR_20260913_1","B002"
"TOR_20260913_1_PA008","TOR_20260913_1","B003"
"TOR_20260913_1_PA009","TOR_20260913_1","B013"
"TOR_20260913_1_PA010","TOR_20260913_1","B004"
"TOR_20260913_1_PA011","TOR_20260913_1","B009"
"TOR_20260913_1_PA012","TOR_20260913_1","B017"
"TOR_20260913_1_PA013","TOR_20260913_1","B012"
"TOR_20260913_1_PA014","TOR_20260913_1","B005"
"TOR_20260913_1_PA015","TOR_20260913_1","B008"
"TOR_20260913_1_PA016","TOR_20260913_1","B002"
"TOR_20260913_1_PA017","TOR_20260913_1","B003"
"TOR_20260913_1_PA018","TOR_20260913_1","B013"
"TOR_20260913_1_PA019","TOR_20260913_1","B004"
"TOR_20260913_1_PA020","TOR_20260913_1","B009"
"TOR_20260913_1_PA021","TOR_20260913_1","B017"
"TOR_20260913_1_PA022","TOR_20260913_1","B012"
"TOR_20260913_1_PA023","TOR_20260913_1","B005"
"TOR_20260913_1_PA024","TOR_20260913_1","B008"
"TOR_20260913_1_PA025","TOR_20260913_1","B002"
"TOR_20260913_1_PA026","TOR_20260913_1","B003"
"TOR_20260913_1_PA027","TOR_20260913_1","B013"
"TOR_20260913_1_PA028","TOR_20260913_1","B004"
"TOR_20260913_1_PA029","TOR_20260913_1","B009"
"TOR_20260913_1_PA030","TOR_20260913_1","B017"
"TOR_20260913_1_PA031","TOR_20260913_1","B012"
"TOR_20260913_1_PA032","TOR_20260913_1","B014"
"TOR_20260913_1_PA033","TOR_20260913_1","B008"
"TOR_20260913_1_PA034","TOR_20260913_1","B002"
"TOR_20260913_1_PA035","TOR_20260913_1","B003"
"TOR_20260913_1_PA036","TOR_20260913_1","B013"
"TOR_20260913_1_PA037","TOR_20260913_1","B004"
"TOR_20260913_1_PA038","TOR_20260913_1","B009"
"TOR_20260913_1_PA039","TOR_20260913_1","B017"
