"id","pas","strikeouts","first_pitch_exposed","exposed_strikeouts","any_disrupted"
"TOR_20260814_1",31,8,2,1,5
"TOR_20260815_1",38,9,1,0,3
"TOR_20260816_1",37,5,0,0,1
"TOR_20260818_1",48,7,2,0,5
"TOR_20260819_1",39,7,0,0,3
"TOR_20260820_1",39,12,1,0,3
"TOR_20260821_1",37,8,0,0,1
"TOR_20260822_1",43,6,1,0,6
"TOR_20260823_1",35,5,0,0,2
"TOR_20260825_1",38,7,0,0,0
"TOR_20260826_1",31,5,0,0,1
"TOR_20260827_1",35,3,0,0,3
"TOR_20260828_1",38,3,0,0,1
"TOR_20260829_1",36,6,2,0,6
"TOR_20260830_1",38,5,2,0,4
"TOR_20260901_1",32,14,0,0,0
"TOR_20260902_1",44,8,0,0,0
"TOR_20260903_1",44,10,0,0,0
"TOR_20260904_1",43,4,0,0,0
"TOR_20260905_1",42,4,0,0,0
"TOR_20260906_1",34,5,0,0,0
"TOR_20260907_1",38,4,0,0,0
"TOR_20260908_1",36,6,0,0,0
"TOR_20260909_1",34,9,0,0,0
"TOR_20260911_1",40,9,1,0,2
"TOR_20260912_1",39,10,0,0,0
"TOR_20260913_1",39,6,1,0,4
