"pa_id","pitch_count","disrupted_pitches","disrupted_first_pitch","disrupted_any","first_disruption_pitch","pre_balls_at_first_disruption","pre_strikes_at_first_disruption","first_disruption_on_terminal_pitch","game_id","batter_id","strikeout"
"TOR_20260814_1_PA001",2,0,0,0,NA,NA,NA,NA,"TOR_20260814_1","B004",0
"TOR_20260814_1_PA003",3,0,0,0,NA,NA,NA,NA,"TOR_20260814_1","B009",0
"TOR_20260814_1_PA004",6,0,0,0,NA,NA,NA,NA,"TOR_20260814_1","B001",0
"TOR_20260814_1_PA005",2,0,0,0,NA,NA,NA,NA,"TOR_20260814_1","B002",0
"TOR_20260814_1_PA006",5,0,0,0,NA,NA,NA,NA,"TOR_20260814_1","B012",1
"TOR_20260814_1_PA007",2,0,0,0,NA,NA,NA,NA,"TOR_20260814_1","B010",0
"TOR_20260814_1_PA008",2,0,0,0,NA,NA,NA,NA,"TOR_20260814_1","B008",0
"TOR_20260814_1_PA009",4,0,0,0,NA,NA,NA,NA,"TOR_20260814_1","B004",1
"TOR_20260814_1_PA010",1,0,0,0,NA,NA,NA,NA,"TOR_20260814_1","B014",0
"TOR_20260814_1_PA011",5,0,0,0,NA,NA,NA,NA,"TOR_20260814_1","B017",0
"TOR_20260814_1_PA012",4,0,0,0,NA,NA,NA,NA,"TOR_20260814_1","B009",1
"TOR_20260814_1_PA013",6,0,0,0,NA,NA,NA,NA,"TOR_20260814_1","B001",0
"TOR_20260814_1_PA014",2,0,0,0,NA,NA,NA,NA,"TOR_20260814_1","B002",0
"TOR_20260814_1_PA015",5,0,0,0,NA,NA,NA,NA,"TOR_20260814_1","B012",0
"TOR_20260814_1_PA016",4,1,0,1,3,0,2,0,"TOR_20260814_1","B010",1
"TOR_20260814_1_PA017",2,0,0,0,NA,NA,NA,NA,"TOR_20260814_1","B008",0
"TOR_20260814_1_PA018",2,0,0,0,NA,NA,NA,NA,"TOR_20260814_1","B004",0
"TOR_20260814_1_PA019",4,1,1,1,1,0,0,0,"TOR_20260814_1","B014",0
"TOR_20260814_1_PA020",6,1,0,1,6,3,2,1,"TOR_20260814_1","B017",0
"TOR_20260814_1_PA021",5,0,0,0,NA,NA,NA,NA,"TOR_20260814_1","B009",0
"TOR_20260814_1_PA022",1,0,0,0,NA,NA,NA,NA,"TOR_20260814_1","B001",0
"TOR_20260814_1_PA023",7,0,0,0,NA,NA,NA,NA,"TOR_20260814_1","B002",1
"TOR_20260814_1_PA024",8,0,0,0,NA,NA,NA,NA,"TOR_20260814_1","B012",0
"TOR_20260814_1_PA025",4,1,1,1,1,0,0,0,"TOR_20260814_1","B010",1
"TOR_20260814_1_PA026",2,0,0,0,NA,NA,NA,NA,"TOR_20260814_1","B008",0
"TOR_20260814_1_PA027",2,0,0,0,NA,NA,NA,NA,"TOR_20260814_1","B004",0
"TOR_20260814_1_PA028",6,1,0,1,4,1,2,0,"TOR_20260814_1","B014",0
"TOR_20260814_1_PA029",6,0,0,0,NA,NA,NA,NA,"TOR_20260814_1","B005",1
"TOR_20260814_1_PA030",3,0,0,0,NA,NA,NA,NA,"TOR_20260814_1","B009",1
"TOR_20260814_1_PA031",2,0,0,0,NA,NA,NA,NA,"TOR_20260814_1","B001",0
"TOR_20260814_1_PA032",1,0,0,0,NA,NA,NA,NA,"TOR_20260814_1","B002",0
"TOR_20260815_1_PA001",4,0,0,0,NA,NA,NA,NA,"TOR_20260815_1","B004",0
"TOR_20260815_1_PA002",2,0,0,0,NA,NA,NA,NA,"TOR_20260815_1","B014",0
"TOR_20260815_1_PA003",4,1,0,1,4,1,2,1,"TOR_20260815_1","B001",0
"TOR_20260815_1_PA004",5,0,0,0,NA,NA,NA,NA,"TOR_20260815_1","B010",0
"TOR_20260815_1_PA005",4,0,0,0,NA,NA,NA,NA,"TOR_20260815_1","B012",1
"TOR_20260815_1_PA006",4,0,0,0,NA,NA,NA,NA,"TOR_20260815_1","B002",0
"TOR_20260815_1_PA007",5,0,0,0,NA,NA,NA,NA,"TOR_20260815_1","B003",1
"TOR_20260815_1_PA008",5,0,0,0,NA,NA,NA,NA,"TOR_20260815_1","B011",1
"TOR_20260815_1_PA009",2,0,0,0,NA,NA,NA,NA,"TOR_20260815_1","B005",0
"TOR_20260815_1_PA010",6,0,0,0,NA,NA,NA,NA,"TOR_20260815_1","B004",0
"TOR_20260815_1_PA011",5,1,1,1,1,0,0,0,"TOR_20260815_1","B014",0
"TOR_20260815_1_PA012",4,0,0,0,NA,NA,NA,NA,"TOR_20260815_1","B001",0
"TOR_20260815_1_PA013",4,0,0,0,NA,NA,NA,NA,"TOR_20260815_1","B010",1
"TOR_20260815_1_PA014",5,0,0,0,NA,NA,NA,NA,"TOR_20260815_1","B012",0
"TOR_20260815_1_PA015",4,0,0,0,NA,NA,NA,NA,"TOR_20260815_1","B002",0
"TOR_20260815_1_PA016",6,0,0,0,NA,NA,NA,NA,"TOR_20260815_1","B003",1
"TOR_20260815_1_PA017",6,1,0,1,6,3,2,1,"TOR_20260815_1","B011",1
"TOR_20260815_1_PA018",4,0,0,0,NA,NA,NA,NA,"TOR_20260815_1","B005",1
"TOR_20260815_1_PA019",3,0,0,0,NA,NA,NA,NA,"TOR_20260815_1","B004",0
"TOR_20260815_1_PA020",1,0,0,0,NA,NA,NA,NA,"TOR_20260815_1","B014",0
"TOR_20260815_1_PA021",5,0,0,0,NA,NA,NA,NA,"TOR_20260815_1","B001",0
"TOR_20260815_1_PA022",6,0,0,0,NA,NA,NA,NA,"TOR_20260815_1","B010",0
"TOR_20260815_1_PA023",4,0,0,0,NA,NA,NA,NA,"TOR_20260815_1","B012",0
"TOR_20260815_1_PA024",4,0,0,0,NA,NA,NA,NA,"TOR_20260815_1","B002",1
"TOR_20260815_1_PA025",8,0,0,0,NA,NA,NA,NA,"TOR_20260815_1","B003",0
"TOR_20260815_1_PA026",1,0,0,0,NA,NA,NA,NA,"TOR_20260815_1","B008",0
"TOR_20260815_1_PA027",4,0,0,0,NA,NA,NA,NA,"TOR_20260815_1","B005",0
"TOR_20260815_1_PA028",2,0,0,0,NA,NA,NA,NA,"TOR_20260815_1","B004",0
"TOR_20260815_1_PA029",1,0,0,0,NA,NA,NA,NA,"TOR_20260815_1","B014",0
"TOR_20260815_1_PA030",8,0,0,0,NA,NA,NA,NA,"TOR_20260815_1","B013",1
"TOR_20260815_1_PA031",4,0,0,0,NA,NA,NA,NA,"TOR_20260815_1","B012",0
"TOR_20260815_1_PA032",3,0,0,0,NA,NA,NA,NA,"TOR_20260815_1","B002",0
"TOR_20260815_1_PA033",9,0,0,0,NA,NA,NA,NA,"TOR_20260815_1","B003",0
"TOR_20260815_1_PA034",4,0,0,0,NA,NA,NA,NA,"TOR_20260815_1","B008",0
"TOR_20260815_1_PA035",6,0,0,0,NA,NA,NA,NA,"TOR_20260815_1","B005",0
"TOR_20260815_1_PA036",4,0,0,0,NA,NA,NA,NA,"TOR_20260815_1","B004",0
"TOR_20260815_1_PA037",1,0,0,0,NA,NA,NA,NA,"TOR_20260815_1","B014",0
"TOR_20260815_1_PA038",1,0,0,0,NA,NA,NA,NA,"TOR_20260815_1","B013",0
"TOR_20260816_1_PA001",2,0,0,0,NA,NA,NA,NA,"TOR_20260816_1","B004",0
"TOR_20260816_1_PA002",2,0,0,0,NA,NA,NA,NA,"TOR_20260816_1","B005",0
"TOR_20260816_1_PA003",5,0,0,0,NA,NA,NA,NA,"TOR_20260816_1","B001",0
"TOR_20260816_1_PA004",2,0,0,0,NA,NA,NA,NA,"TOR_20260816_1","B009",0
"TOR_20260816_1_PA005",5,0,0,0,NA,NA,NA,NA,"TOR_20260816_1","B008",0
"TOR_20260816_1_PA006",6,0,0,0,NA,NA,NA,NA,"TOR_20260816_1","B012",0
"TOR_20260816_1_PA007",5,0,0,0,NA,NA,NA,NA,"TOR_20260816_1","B007",1
"TOR_20260816_1_PA008",5,0,0,0,NA,NA,NA,NA,"TOR_20260816_1","B002",1
"TOR_20260816_1_PA009",1,0,0,0,NA,NA,NA,NA,"TOR_20260816_1","B013",0
"TOR_20260816_1_PA010",5,0,0,0,NA,NA,NA,NA,"TOR_20260816_1","B004",1
"TOR_20260816_1_PA011",2,0,0,0,NA,NA,NA,NA,"TOR_20260816_1","B005",0
"TOR_20260816_1_PA012",2,0,0,0,NA,NA,NA,NA,"TOR_20260816_1","B001",0
"TOR_20260816_1_PA013",2,0,0,0,NA,NA,NA,NA,"TOR_20260816_1","B009",0
"TOR_20260816_1_PA014",3,0,0,0,NA,NA,NA,NA,"TOR_20260816_1","B008",0
"TOR_20260816_1_PA015",2,0,0,0,NA,NA,NA,NA,"TOR_20260816_1","B012",0
"TOR_20260816_1_PA016",3,0,0,0,NA,NA,NA,NA,"TOR_20260816_1","B007",0
"TOR_20260816_1_PA017",6,0,0,0,NA,NA,NA,NA,"TOR_20260816_1","B002",0
"TOR_20260816_1_PA018",7,0,0,0,NA,NA,NA,NA,"TOR_20260816_1","B013",0
"TOR_20260816_1_PA019",2,0,0,0,NA,NA,NA,NA,"TOR_20260816_1","B004",0
"TOR_20260816_1_PA020",3,1,0,1,2,1,0,0,"TOR_20260816_1","B005",0
"TOR_20260816_1_PA021",5,0,0,0,NA,NA,NA,NA,"TOR_20260816_1","B001",0
"TOR_20260816_1_PA022",3,0,0,0,NA,NA,NA,NA,"TOR_20260816_1","B009",0
"TOR_20260816_1_PA023",4,0,0,0,NA,NA,NA,NA,"TOR_20260816_1","B008",0
"TOR_20260816_1_PA024",4,0,0,0,NA,NA,NA,NA,"TOR_20260816_1","B012",1
"TOR_20260816_1_PA025",6,0,0,0,NA,NA,NA,NA,"TOR_20260816_1","B007",0
"TOR_20260816_1_PA026",3,0,0,0,NA,NA,NA,NA,"TOR_20260816_1","B002",0
"TOR_20260816_1_PA027",3,0,0,0,NA,NA,NA,NA,"TOR_20260816_1","B014",0
"TOR_20260816_1_PA028",7,0,0,0,NA,NA,NA,NA,"TOR_20260816_1","B004",1
"TOR_20260816_1_PA029",3,0,0,0,NA,NA,NA,NA,"TOR_20260816_1","B011",0
"TOR_20260816_1_PA030",5,0,0,0,NA,NA,NA,NA,"TOR_20260816_1","B001",0
"TOR_20260816_1_PA031",4,0,0,0,NA,NA,NA,NA,"TOR_20260816_1","B009",0
"TOR_20260816_1_PA032",5,0,0,0,NA,NA,NA,NA,"TOR_20260816_1","B008",0
"TOR_20260816_1_PA033",1,0,0,0,NA,NA,NA,NA,"TOR_20260816_1","B012",0
"TOR_20260816_1_PA034",1,0,0,0,NA,NA,NA,NA,"TOR_20260816_1","B007",0
"TOR_20260816_1_PA035",2,0,0,0,NA,NA,NA,NA,"TOR_20260816_1","B002",0
"TOR_20260816_1_PA036",4,0,0,0,NA,NA,NA,NA,"TOR_20260816_1","B014",0
"TOR_20260816_1_PA037",4,0,0,0,NA,NA,NA,NA,"TOR_20260816_1","B004",0
"TOR_20260818_1_PA001",3,0,0,0,NA,NA,NA,NA,"TOR_20260818_1","B004",1
"TOR_20260818_1_PA002",2,0,0,0,NA,NA,NA,NA,"TOR_20260818_1","B014",0
"TOR_20260818_1_PA003",7,0,0,0,NA,NA,NA,NA,"TOR_20260818_1","B001",0
"TOR_20260818_1_PA004",3,0,0,0,NA,NA,NA,NA,"TOR_20260818_1","B009",0
"TOR_20260818_1_PA005",3,0,0,0,NA,NA,NA,NA,"TOR_20260818_1","B010",0
"TOR_20260818_1_PA006",2,0,0,0,NA,NA,NA,NA,"TOR_20260818_1","B012",0
"TOR_20260818_1_PA007",2,0,0,0,NA,NA,NA,NA,"TOR_20260818_1","B002",0
"TOR_20260818_1_PA008",2,1,0,1,2,0,1,1,"TOR_20260818_1","B008",0
"TOR_20260818_1_PA009",5,0,0,0,NA,NA,NA,NA,"TOR_20260818_1","B011",1
"TOR_20260818_1_PA010",4,1,1,1,1,0,0,0,"TOR_20260818_1","B004",0
"TOR_20260818_1_PA011",7,0,0,0,NA,NA,NA,NA,"TOR_20260818_1","B014",0
"TOR_20260818_1_PA012",7,0,0,0,NA,NA,NA,NA,"TOR_20260818_1","B001",0
"TOR_20260818_1_PA013",3,0,0,0,NA,NA,NA,NA,"TOR_20260818_1","B009",0
"TOR_20260818_1_PA014",4,0,0,0,NA,NA,NA,NA,"TOR_20260818_1","B010",1
"TOR_20260818_1_PA015",5,0,0,0,NA,NA,NA,NA,"TOR_20260818_1","B012",1
"TOR_20260818_1_PA016",1,0,0,0,NA,NA,NA,NA,"TOR_20260818_1","B002",0
"TOR_20260818_1_PA017",4,0,0,0,NA,NA,NA,NA,"TOR_20260818_1","B008",0
"TOR_20260818_1_PA018",3,0,0,0,NA,NA,NA,NA,"TOR_20260818_1","B011",0
"TOR_20260818_1_PA019",1,1,1,1,1,0,0,1,"TOR_20260818_1","B004",0
"TOR_20260818_1_PA020",6,1,0,1,6,3,2,1,"TOR_20260818_1","B014",1
"TOR_20260818_1_PA021",2,0,0,0,NA,NA,NA,NA,"TOR_20260818_1","B001",0
"TOR_20260818_1_PA022",6,0,0,0,NA,NA,NA,NA,"TOR_20260818_1","B009",0
"TOR_20260818_1_PA023",2,0,0,0,NA,NA,NA,NA,"TOR_20260818_1","B010",0
"TOR_20260818_1_PA024",4,0,0,0,NA,NA,NA,NA,"TOR_20260818_1","B012",0
"TOR_20260818_1_PA025",3,0,0,0,NA,NA,NA,NA,"TOR_20260818_1","B002",0
"TOR_20260818_1_PA026",2,0,0,0,NA,NA,NA,NA,"TOR_20260818_1","B008",0
"TOR_20260818_1_PA027",1,0,0,0,NA,NA,NA,NA,"TOR_20260818_1","B011",0
"TOR_20260818_1_PA028",3,0,0,0,NA,NA,NA,NA,"TOR_20260818_1","B004",0
"TOR_20260818_1_PA029",2,0,0,0,NA,NA,NA,NA,"TOR_20260818_1","B014",0
"TOR_20260818_1_PA030",4,0,0,0,NA,NA,NA,NA,"TOR_20260818_1","B001",0
"TOR_20260818_1_PA031",4,0,0,0,NA,NA,NA,NA,"TOR_20260818_1","B009",1
"TOR_20260818_1_PA032",7,0,0,0,NA,NA,NA,NA,"TOR_20260818_1","B010",0
"TOR_20260818_1_PA033",4,0,0,0,NA,NA,NA,NA,"TOR_20260818_1","B012",0
"TOR_20260818_1_PA034",3,0,0,0,NA,NA,NA,NA,"TOR_20260818_1","B002",0
"TOR_20260818_1_PA035",2,0,0,0,NA,NA,NA,NA,"TOR_20260818_1","B008",0
"TOR_20260818_1_PA036",2,0,0,0,NA,NA,NA,NA,"TOR_20260818_1","B011",0
"TOR_20260818_1_PA037",2,0,0,0,NA,NA,NA,NA,"TOR_20260818_1","B004",0
"TOR_20260818_1_PA038",5,0,0,0,NA,NA,NA,NA,"TOR_20260818_1","B014",1
"TOR_20260818_1_PA039",2,0,0,0,NA,NA,NA,NA,"TOR_20260818_1","B001",0
"TOR_20260818_1_PA040",3,0,0,0,NA,NA,NA,NA,"TOR_20260818_1","B009",0
"TOR_20260818_1_PA041",1,0,0,0,NA,NA,NA,NA,"TOR_20260818_1","B013",0
"TOR_20260818_1_PA042",3,0,0,0,NA,NA,NA,NA,"TOR_20260818_1","B012",0
"TOR_20260818_1_PA043",2,0,0,0,NA,NA,NA,NA,"TOR_20260818_1","B002",0
"TOR_20260818_1_PA044",3,0,0,0,NA,NA,NA,NA,"TOR_20260818_1","B008",0
"TOR_20260818_1_PA045",1,0,0,0,NA,NA,NA,NA,"TOR_20260818_1","B011",0
"TOR_20260818_1_PA046",2,0,0,0,NA,NA,NA,NA,"TOR_20260818_1","B004",0
"TOR_20260818_1_PA047",3,0,0,0,NA,NA,NA,NA,"TOR_20260818_1","B014",0
"TOR_20260818_1_PA048",5,1,0,1,4,3,0,0,"TOR_20260818_1","B001",0
"TOR_20260819_1_PA001",1,0,0,0,NA,NA,NA,NA,"TOR_20260819_1","B004",0
"TOR_20260819_1_PA002",4,0,0,0,NA,NA,NA,NA,"TOR_20260819_1","B014",1
"TOR_20260819_1_PA003",1,0,0,0,NA,NA,NA,NA,"TOR_20260819_1","B001",0
"TOR_20260819_1_PA004",6,0,0,0,NA,NA,NA,NA,"TOR_20260819_1","B012",0
"TOR_20260819_1_PA005",1,0,0,0,NA,NA,NA,NA,"TOR_20260819_1","B002",0
"TOR_20260819_1_PA006",3,0,0,0,NA,NA,NA,NA,"TOR_20260819_1","B010",1
"TOR_20260819_1_PA007",5,0,0,0,NA,NA,NA,NA,"TOR_20260819_1","B011",0
"TOR_20260819_1_PA008",5,0,0,0,NA,NA,NA,NA,"TOR_20260819_1","B003",1
"TOR_20260819_1_PA009",3,0,0,0,NA,NA,NA,NA,"TOR_20260819_1","B005",0
"TOR_20260819_1_PA010",4,0,0,0,NA,NA,NA,NA,"TOR_20260819_1","B004",0
"TOR_20260819_1_PA011",5,0,0,0,NA,NA,NA,NA,"TOR_20260819_1","B014",1
"TOR_20260819_1_PA012",7,1,0,1,4,2,1,0,"TOR_20260819_1","B001",0
"TOR_20260819_1_PA013",5,0,0,0,NA,NA,NA,NA,"TOR_20260819_1","B012",0
"TOR_20260819_1_PA014",7,1,0,1,3,0,2,0,"TOR_20260819_1","B002",0
"TOR_20260819_1_PA015",4,0,0,0,NA,NA,NA,NA,"TOR_20260819_1","B010",1
"TOR_20260819_1_PA016",3,0,0,0,NA,NA,NA,NA,"TOR_20260819_1","B011",0
"TOR_20260819_1_PA017",3,0,0,0,NA,NA,NA,NA,"TOR_20260819_1","B003",0
"TOR_20260819_1_PA018",2,0,0,0,NA,NA,NA,NA,"TOR_20260819_1","B005",0
"TOR_20260819_1_PA019",4,0,0,0,NA,NA,NA,NA,"TOR_20260819_1","B013",0
"TOR_20260819_1_PA020",1,0,0,0,NA,NA,NA,NA,"TOR_20260819_1","B014",0
"TOR_20260819_1_PA021",3,1,0,1,3,0,2,1,"TOR_20260819_1","B001",0
"TOR_20260819_1_PA022",2,0,0,0,NA,NA,NA,NA,"TOR_20260819_1","B012",0
"TOR_20260819_1_PA023",6,0,0,0,NA,NA,NA,NA,"TOR_20260819_1","B002",0
"TOR_20260819_1_PA024",1,0,0,0,NA,NA,NA,NA,"TOR_20260819_1","B007",0
"TOR_20260819_1_PA025",3,0,0,0,NA,NA,NA,NA,"TOR_20260819_1","B011",0
"TOR_20260819_1_PA026",1,0,0,0,NA,NA,NA,NA,"TOR_20260819_1","B003",0
"TOR_20260819_1_PA027",2,0,0,0,NA,NA,NA,NA,"TOR_20260819_1","B005",0
"TOR_20260819_1_PA028",6,0,0,0,NA,NA,NA,NA,"TOR_20260819_1","B013",0
"TOR_20260819_1_PA029",4,0,0,0,NA,NA,NA,NA,"TOR_20260819_1","B014",0
"TOR_20260819_1_PA030",4,0,0,0,NA,NA,NA,NA,"TOR_20260819_1","B001",0
"TOR_20260819_1_PA031",5,0,0,0,NA,NA,NA,NA,"TOR_20260819_1","B012",1
"TOR_20260819_1_PA032",8,0,0,0,NA,NA,NA,NA,"TOR_20260819_1","B002",0
"TOR_20260819_1_PA033",2,0,0,0,NA,NA,NA,NA,"TOR_20260819_1","B007",0
"TOR_20260819_1_PA034",6,0,0,0,NA,NA,NA,NA,"TOR_20260819_1","B011",0
"TOR_20260819_1_PA035",4,0,0,0,NA,NA,NA,NA,"TOR_20260819_1","B003",0
"TOR_20260819_1_PA036",4,0,0,0,NA,NA,NA,NA,"TOR_20260819_1","B005",0
"TOR_20260819_1_PA037",4,0,0,0,NA,NA,NA,NA,"TOR_20260819_1","B009",0
"TOR_20260819_1_PA038",5,0,0,0,NA,NA,NA,NA,"TOR_20260819_1","B014",1
"TOR_20260819_1_PA039",5,0,0,0,NA,NA,NA,NA,"TOR_20260819_1","B001",0
"TOR_20260820_1_PA001",3,0,0,0,NA,NA,NA,NA,"TOR_20260820_1","B005",1
"TOR_20260820_1_PA002",3,0,0,0,NA,NA,NA,NA,"TOR_20260820_1","B007",1
"TOR_20260820_1_PA003",11,0,0,0,NA,NA,NA,NA,"TOR_20260820_1","B001",0
"TOR_20260820_1_PA004",1,0,0,0,NA,NA,NA,NA,"TOR_20260820_1","B009",0
"TOR_20260820_1_PA005",2,0,0,0,NA,NA,NA,NA,"TOR_20260820_1","B012",0
"TOR_20260820_1_PA006",1,0,0,0,NA,NA,NA,NA,"TOR_20260820_1","B002",0
"TOR_20260820_1_PA007",6,1,0,1,6,3,2,1,"TOR_20260820_1","B008",1
"TOR_20260820_1_PA008",1,0,0,0,NA,NA,NA,NA,"TOR_20260820_1","B013",0
"TOR_20260820_1_PA009",5,0,0,0,NA,NA,NA,NA,"TOR_20260820_1","B014",0
"TOR_20260820_1_PA010",4,0,0,0,NA,NA,NA,NA,"TOR_20260820_1","B005",1
"TOR_20260820_1_PA011",5,0,0,0,NA,NA,NA,NA,"TOR_20260820_1","B007",0
"TOR_20260820_1_PA012",6,0,0,0,NA,NA,NA,NA,"TOR_20260820_1","B001",0
"TOR_20260820_1_PA013",3,0,0,0,NA,NA,NA,NA,"TOR_20260820_1","B009",1
"TOR_20260820_1_PA014",1,0,0,0,NA,NA,NA,NA,"TOR_20260820_1","B012",0
"TOR_20260820_1_PA015",4,0,0,0,NA,NA,NA,NA,"TOR_20260820_1","B002",0
"TOR_20260820_1_PA016",6,0,0,0,NA,NA,NA,NA,"TOR_20260820_1","B008",0
"TOR_20260820_1_PA017",6,0,0,0,NA,NA,NA,NA,"TOR_20260820_1","B013",1
"TOR_20260820_1_PA018",2,0,0,0,NA,NA,NA,NA,"TOR_20260820_1","B014",0
"TOR_20260820_1_PA019",7,0,0,0,NA,NA,NA,NA,"TOR_20260820_1","B005",1
"TOR_20260820_1_PA020",5,0,0,0,NA,NA,NA,NA,"TOR_20260820_1","B007",0
"TOR_20260820_1_PA021",3,0,0,0,NA,NA,NA,NA,"TOR_20260820_1","B001",0
"TOR_20260820_1_PA022",3,0,0,0,NA,NA,NA,NA,"TOR_20260820_1","B009",1
"TOR_20260820_1_PA023",4,0,0,0,NA,NA,NA,NA,"TOR_20260820_1","B012",1
"TOR_20260820_1_PA024",2,0,0,0,NA,NA,NA,NA,"TOR_20260820_1","B003",0
"TOR_20260820_1_PA025",2,0,0,0,NA,NA,NA,NA,"TOR_20260820_1","B008",0
"TOR_20260820_1_PA026",7,0,0,0,NA,NA,NA,NA,"TOR_20260820_1","B013",1
"TOR_20260820_1_PA027",7,0,0,0,NA,NA,NA,NA,"TOR_20260820_1","B014",1
"TOR_20260820_1_PA028",1,0,0,0,NA,NA,NA,NA,"TOR_20260820_1","B005",0
"TOR_20260820_1_PA029",6,2,1,1,1,0,0,0,"TOR_20260820_1","B007",0
"TOR_20260820_1_PA031",7,0,0,0,NA,NA,NA,NA,"TOR_20260820_1","B012",0
"TOR_20260820_1_PA032",4,1,0,1,4,3,0,1,"TOR_20260820_1","B003",0
"TOR_20260820_1_PA033",4,0,0,0,NA,NA,NA,NA,"TOR_20260820_1","B008",0
"TOR_20260820_1_PA034",2,0,0,0,NA,NA,NA,NA,"TOR_20260820_1","B013",0
"TOR_20260820_1_PA035",7,0,0,0,NA,NA,NA,NA,"TOR_20260820_1","B014",0
"TOR_20260820_1_PA036",2,0,0,0,NA,NA,NA,NA,"TOR_20260820_1","B005",0
"TOR_20260820_1_PA037",5,0,0,0,NA,NA,NA,NA,"TOR_20260820_1","B007",1
"TOR_20260820_1_PA038",1,0,0,0,NA,NA,NA,NA,"TOR_20260820_1","B001",0
"TOR_20260820_1_PA039",3,0,0,0,NA,NA,NA,NA,"TOR_20260820_1","B009",0
"TOR_20260820_1_PA040",3,0,0,0,NA,NA,NA,NA,"TOR_20260820_1","B012",0
"TOR_20260821_1_PA001",4,0,0,0,NA,NA,NA,NA,"TOR_20260821_1","B004",0
"TOR_20260821_1_PA002",1,0,0,0,NA,NA,NA,NA,"TOR_20260821_1","B014",0
"TOR_20260821_1_PA003",4,0,0,0,NA,NA,NA,NA,"TOR_20260821_1","B001",0
"TOR_20260821_1_PA004",1,0,0,0,NA,NA,NA,NA,"TOR_20260821_1","B010",0
"TOR_20260821_1_PA005",3,0,0,0,NA,NA,NA,NA,"TOR_20260821_1","B008",0
"TOR_20260821_1_PA006",4,0,0,0,NA,NA,NA,NA,"TOR_20260821_1","B012",0
"TOR_20260821_1_PA007",1,0,0,0,NA,NA,NA,NA,"TOR_20260821_1","B003",0
"TOR_20260821_1_PA008",1,0,0,0,NA,NA,NA,NA,"TOR_20260821_1","B005",0
"TOR_20260821_1_PA009",5,0,0,0,NA,NA,NA,NA,"TOR_20260821_1","B013",0
"TOR_20260821_1_PA010",6,0,0,0,NA,NA,NA,NA,"TOR_20260821_1","B004",0
"TOR_20260821_1_PA011",5,0,0,0,NA,NA,NA,NA,"TOR_20260821_1","B014",0
"TOR_20260821_1_PA012",6,0,0,0,NA,NA,NA,NA,"TOR_20260821_1","B001",0
"TOR_20260821_1_PA013",4,0,0,0,NA,NA,NA,NA,"TOR_20260821_1","B010",1
"TOR_20260821_1_PA014",6,0,0,0,NA,NA,NA,NA,"TOR_20260821_1","B008",0
"TOR_20260821_1_PA015",8,0,0,0,NA,NA,NA,NA,"TOR_20260821_1","B012",0
"TOR_20260821_1_PA016",2,0,0,0,NA,NA,NA,NA,"TOR_20260821_1","B003",0
"TOR_20260821_1_PA017",3,0,0,0,NA,NA,NA,NA,"TOR_20260821_1","B005",1
"TOR_20260821_1_PA018",8,1,0,1,4,1,2,0,"TOR_20260821_1","B013",0
"TOR_20260821_1_PA019",2,0,0,0,NA,NA,NA,NA,"TOR_20260821_1","B004",0
"TOR_20260821_1_PA020",4,0,0,0,NA,NA,NA,NA,"TOR_20260821_1","B014",0
"TOR_20260821_1_PA021",4,0,0,0,NA,NA,NA,NA,"TOR_20260821_1","B001",0
"TOR_20260821_1_PA022",3,0,0,0,NA,NA,NA,NA,"TOR_20260821_1","B010",0
"TOR_20260821_1_PA023",4,0,0,0,NA,NA,NA,NA,"TOR_20260821_1","B008",1
"TOR_20260821_1_PA024",3,0,0,0,NA,NA,NA,NA,"TOR_20260821_1","B012",0
"TOR_20260821_1_PA025",4,0,0,0,NA,NA,NA,NA,"TOR_20260821_1","B003",1
"TOR_20260821_1_PA026",4,0,0,0,NA,NA,NA,NA,"TOR_20260821_1","B005",1
"TOR_20260821_1_PA027",2,0,0,0,NA,NA,NA,NA,"TOR_20260821_1","B013",0
"TOR_20260821_1_PA028",6,0,0,0,NA,NA,NA,NA,"TOR_20260821_1","B004",0
"TOR_20260821_1_PA029",7,0,0,0,NA,NA,NA,NA,"TOR_20260821_1","B009",1
"TOR_20260821_1_PA030",5,0,0,0,NA,NA,NA,NA,"TOR_20260821_1","B001",1
"TOR_20260821_1_PA031",1,0,0,0,NA,NA,NA,NA,"TOR_20260821_1","B010",0
"TOR_20260821_1_PA032",3,0,0,0,NA,NA,NA,NA,"TOR_20260821_1","B008",0
"TOR_20260821_1_PA033",7,0,0,0,NA,NA,NA,NA,"TOR_20260821_1","B012",0
"TOR_20260821_1_PA034",6,0,0,0,NA,NA,NA,NA,"TOR_20260821_1","B003",0
"TOR_20260821_1_PA035",1,0,0,0,NA,NA,NA,NA,"TOR_20260821_1","B005",0
"TOR_20260821_1_PA036",5,0,0,0,NA,NA,NA,NA,"TOR_20260821_1","B013",0
"TOR_20260821_1_PA037",4,0,0,0,NA,NA,NA,NA,"TOR_20260821_1","B004",1
"TOR_20260822_1_PA001",8,0,0,0,NA,NA,NA,NA,"TOR_20260822_1","B004",0
"TOR_20260822_1_PA002",2,0,0,0,NA,NA,NA,NA,"TOR_20260822_1","B017",0
"TOR_20260822_1_PA003",5,1,0,1,2,0,1,0,"TOR_20260822_1","B001",0
"TOR_20260822_1_PA004",3,0,0,0,NA,NA,NA,NA,"TOR_20260822_1","B009",0
"TOR_20260822_1_PA005",5,0,0,0,NA,NA,NA,NA,"TOR_20260822_1","B012",1
"TOR_20260822_1_PA006",2,0,0,0,NA,NA,NA,NA,"TOR_20260822_1","B008",0
"TOR_20260822_1_PA007",7,0,0,0,NA,NA,NA,NA,"TOR_20260822_1","B007",0
"TOR_20260822_1_PA008",5,0,0,0,NA,NA,NA,NA,"TOR_20260822_1","B005",1
"TOR_20260822_1_PA009",4,0,0,0,NA,NA,NA,NA,"TOR_20260822_1","B013",0
"TOR_20260822_1_PA010",3,0,0,0,NA,NA,NA,NA,"TOR_20260822_1","B004",0
"TOR_20260822_1_PA011",4,1,0,1,4,1,2,1,"TOR_20260822_1","B017",0
"TOR_20260822_1_PA012",2,0,0,0,NA,NA,NA,NA,"TOR_20260822_1","B001",0
"TOR_20260822_1_PA013",2,0,0,0,NA,NA,NA,NA,"TOR_20260822_1","B009",0
"TOR_20260822_1_PA014",5,0,0,0,NA,NA,NA,NA,"TOR_20260822_1","B012",0
"TOR_20260822_1_PA015",2,0,0,0,NA,NA,NA,NA,"TOR_20260822_1","B008",0
"TOR_20260822_1_PA016",7,0,0,0,NA,NA,NA,NA,"TOR_20260822_1","B007",1
"TOR_20260822_1_PA017",4,0,0,0,NA,NA,NA,NA,"TOR_20260822_1","B005",0
"TOR_20260822_1_PA018",5,0,0,0,NA,NA,NA,NA,"TOR_20260822_1","B013",0
"TOR_20260822_1_PA019",6,1,0,1,5,2,2,0,"TOR_20260822_1","B004",0
"TOR_20260822_1_PA020",4,0,0,0,NA,NA,NA,NA,"TOR_20260822_1","B017",0
"TOR_20260822_1_PA021",6,0,0,0,NA,NA,NA,NA,"TOR_20260822_1","B001",0
"TOR_20260822_1_PA022",5,0,0,0,NA,NA,NA,NA,"TOR_20260822_1","B009",0
"TOR_20260822_1_PA023",1,0,0,0,NA,NA,NA,NA,"TOR_20260822_1","B012",0
"TOR_20260822_1_PA024",3,0,0,0,NA,NA,NA,NA,"TOR_20260822_1","B008",0
"TOR_20260822_1_PA025",4,0,0,0,NA,NA,NA,NA,"TOR_20260822_1","B014",0
"TOR_20260822_1_PA026",5,0,0,0,NA,NA,NA,NA,"TOR_20260822_1","B005",0
"TOR_20260822_1_PA027",1,0,0,0,NA,NA,NA,NA,"TOR_20260822_1","B013",0
"TOR_20260822_1_PA028",1,0,0,0,NA,NA,NA,NA,"TOR_20260822_1","B004",0
"TOR_20260822_1_PA029",2,0,0,0,NA,NA,NA,NA,"TOR_20260822_1","B017",0
"TOR_20260822_1_PA030",3,0,0,0,NA,NA,NA,NA,"TOR_20260822_1","B001",0
"TOR_20260822_1_PA031",5,0,0,0,NA,NA,NA,NA,"TOR_20260822_1","B009",0
"TOR_20260822_1_PA032",4,0,0,0,NA,NA,NA,NA,"TOR_20260822_1","B012",0
"TOR_20260822_1_PA033",6,1,0,1,4,2,1,0,"TOR_20260822_1","B008",0
"TOR_20260822_1_PA034",5,1,0,1,5,2,2,1,"TOR_20260822_1","B014",0
"TOR_20260822_1_PA035",4,0,0,0,NA,NA,NA,NA,"TOR_20260822_1","B005",1
"TOR_20260822_1_PA036",2,0,0,0,NA,NA,NA,NA,"TOR_20260822_1","B013",0
"TOR_20260822_1_PA037",1,0,0,0,NA,NA,NA,NA,"TOR_20260822_1","B004",0
"TOR_20260822_1_PA038",7,2,1,1,1,0,0,0,"TOR_20260822_1","B017",0
"TOR_20260822_1_PA039",1,0,0,0,NA,NA,NA,NA,"TOR_20260822_1","B001",0
"TOR_20260822_1_PA040",6,0,0,0,NA,NA,NA,NA,"TOR_20260822_1","B009",0
"TOR_20260822_1_PA041",6,0,0,0,NA,NA,NA,NA,"TOR_20260822_1","B012",1
"TOR_20260822_1_PA042",2,0,0,0,NA,NA,NA,NA,"TOR_20260822_1","B008",0
"TOR_20260822_1_PA043",6,0,0,0,NA,NA,NA,NA,"TOR_20260822_1","B014",1
"TOR_20260823_1_PA001",4,0,0,0,NA,NA,NA,NA,"TOR_20260823_1","B004",1
"TOR_20260823_1_PA002",3,0,0,0,NA,NA,NA,NA,"TOR_20260823_1","B017",0
"TOR_20260823_1_PA003",2,0,0,0,NA,NA,NA,NA,"TOR_20260823_1","B001",0
"TOR_20260823_1_PA004",7,0,0,0,NA,NA,NA,NA,"TOR_20260823_1","B009",0
"TOR_20260823_1_PA005",6,1,0,1,6,3,2,1,"TOR_20260823_1","B012",0
"TOR_20260823_1_PA006",2,0,0,0,NA,NA,NA,NA,"TOR_20260823_1","B008",0
"TOR_20260823_1_PA007",3,0,0,0,NA,NA,NA,NA,"TOR_20260823_1","B007",0
"TOR_20260823_1_PA008",4,0,0,0,NA,NA,NA,NA,"TOR_20260823_1","B005",0
"TOR_20260823_1_PA009",4,0,0,0,NA,NA,NA,NA,"TOR_20260823_1","B013",0
"TOR_20260823_1_PA010",6,0,0,0,NA,NA,NA,NA,"TOR_20260823_1","B004",0
"TOR_20260823_1_PA011",4,0,0,0,NA,NA,NA,NA,"TOR_20260823_1","B017",0
"TOR_20260823_1_PA012",7,0,0,0,NA,NA,NA,NA,"TOR_20260823_1","B001",1
"TOR_20260823_1_PA013",4,0,0,0,NA,NA,NA,NA,"TOR_20260823_1","B009",0
"TOR_20260823_1_PA014",5,0,0,0,NA,NA,NA,NA,"TOR_20260823_1","B012",0
"TOR_20260823_1_PA015",3,0,0,0,NA,NA,NA,NA,"TOR_20260823_1","B008",0
"TOR_20260823_1_PA016",7,0,0,0,NA,NA,NA,NA,"TOR_20260823_1","B007",0
"TOR_20260823_1_PA017",5,1,0,1,4,2,1,0,"TOR_20260823_1","B005",0
"TOR_20260823_1_PA018",3,0,0,0,NA,NA,NA,NA,"TOR_20260823_1","B013",0
"TOR_20260823_1_PA019",3,0,0,0,NA,NA,NA,NA,"TOR_20260823_1","B004",0
"TOR_20260823_1_PA020",3,0,0,0,NA,NA,NA,NA,"TOR_20260823_1","B017",0
"TOR_20260823_1_PA021",6,0,0,0,NA,NA,NA,NA,"TOR_20260823_1","B001",0
"TOR_20260823_1_PA022",5,0,0,0,NA,NA,NA,NA,"TOR_20260823_1","B009",0
"TOR_20260823_1_PA023",5,0,0,0,NA,NA,NA,NA,"TOR_20260823_1","B012",0
"TOR_20260823_1_PA024",2,0,0,0,NA,NA,NA,NA,"TOR_20260823_1","B008",0
"TOR_20260823_1_PA025",2,0,0,0,NA,NA,NA,NA,"TOR_20260823_1","B007",0
"TOR_20260823_1_PA026",4,0,0,0,NA,NA,NA,NA,"TOR_20260823_1","B005",0
"TOR_20260823_1_PA027",4,0,0,0,NA,NA,NA,NA,"TOR_20260823_1","B013",0
"TOR_20260823_1_PA028",5,0,0,0,NA,NA,NA,NA,"TOR_20260823_1","B004",1
"TOR_20260823_1_PA029",5,0,0,0,NA,NA,NA,NA,"TOR_20260823_1","B017",0
"TOR_20260823_1_PA030",4,0,0,0,NA,NA,NA,NA,"TOR_20260823_1","B001",0
"TOR_20260823_1_PA031",2,0,0,0,NA,NA,NA,NA,"TOR_20260823_1","B009",0
"TOR_20260823_1_PA032",4,0,0,0,NA,NA,NA,NA,"TOR_20260823_1","B012",0
"TOR_20260823_1_PA033",2,0,0,0,NA,NA,NA,NA,"TOR_20260823_1","B008",0
"TOR_20260823_1_PA034",4,0,0,0,NA,NA,NA,NA,"TOR_20260823_1","B007",1
"TOR_20260823_1_PA035",5,0,0,0,NA,NA,NA,NA,"TOR_20260823_1","B005",1
"TOR_20260825_1_PA001",7,0,0,0,NA,NA,NA,NA,"TOR_20260825_1","B004",0
"TOR_20260825_1_PA002",6,0,0,0,NA,NA,NA,NA,"TOR_20260825_1","B014",0
"TOR_20260825_1_PA003",2,0,0,0,NA,NA,NA,NA,"TOR_20260825_1","B017",0
"TOR_20260825_1_PA004",6,0,0,0,NA,NA,NA,NA,"TOR_20260825_1","B012",0
"TOR_20260825_1_PA005",2,0,0,0,NA,NA,NA,NA,"TOR_20260825_1","B010",0
"TOR_20260825_1_PA006",4,0,0,0,NA,NA,NA,NA,"TOR_20260825_1","B008",1
"TOR_20260825_1_PA007",1,0,0,0,NA,NA,NA,NA,"TOR_20260825_1","B002",0
"TOR_20260825_1_PA008",4,0,0,0,NA,NA,NA,NA,"TOR_20260825_1","B003",0
"TOR_20260825_1_PA009",6,0,0,0,NA,NA,NA,NA,"TOR_20260825_1","B013",1
"TOR_20260825_1_PA010",5,0,0,0,NA,NA,NA,NA,"TOR_20260825_1","B004",1
"TOR_20260825_1_PA011",2,0,0,0,NA,NA,NA,NA,"TOR_20260825_1","B014",0
"TOR_20260825_1_PA012",2,0,0,0,NA,NA,NA,NA,"TOR_20260825_1","B017",0
"TOR_20260825_1_PA013",6,0,0,0,NA,NA,NA,NA,"TOR_20260825_1","B012",1
"TOR_20260825_1_PA014",6,0,0,0,NA,NA,NA,NA,"TOR_20260825_1","B010",1
"TOR_20260825_1_PA015",5,0,0,0,NA,NA,NA,NA,"TOR_20260825_1","B008",0
"TOR_20260825_1_PA016",2,0,0,0,NA,NA,NA,NA,"TOR_20260825_1","B002",0
"TOR_20260825_1_PA017",5,0,0,0,NA,NA,NA,NA,"TOR_20260825_1","B003",0
"TOR_20260825_1_PA018",6,0,0,0,NA,NA,NA,NA,"TOR_20260825_1","B013",0
"TOR_20260825_1_PA019",4,0,0,0,NA,NA,NA,NA,"TOR_20260825_1","B004",0
"TOR_20260825_1_PA020",6,0,0,0,NA,NA,NA,NA,"TOR_20260825_1","B014",0
"TOR_20260825_1_PA021",1,0,0,0,NA,NA,NA,NA,"TOR_20260825_1","B017",0
"TOR_20260825_1_PA022",6,0,0,0,NA,NA,NA,NA,"TOR_20260825_1","B012",1
"TOR_20260825_1_PA023",5,0,0,0,NA,NA,NA,NA,"TOR_20260825_1","B010",0
"TOR_20260825_1_PA024",2,0,0,0,NA,NA,NA,NA,"TOR_20260825_1","B008",0
"TOR_20260825_1_PA025",5,0,0,0,NA,NA,NA,NA,"TOR_20260825_1","B002",0
"TOR_20260825_1_PA026",4,0,0,0,NA,NA,NA,NA,"TOR_20260825_1","B001",0
"TOR_20260825_1_PA027",1,0,0,0,NA,NA,NA,NA,"TOR_20260825_1","B009",0
"TOR_20260825_1_PA028",5,0,0,0,NA,NA,NA,NA,"TOR_20260825_1","B004",1
"TOR_20260825_1_PA029",5,0,0,0,NA,NA,NA,NA,"TOR_20260825_1","B014",0
"TOR_20260825_1_PA030",5,0,0,0,NA,NA,NA,NA,"TOR_20260825_1","B017",0
"TOR_20260825_1_PA031",2,0,0,0,NA,NA,NA,NA,"TOR_20260825_1","B012",0
"TOR_20260825_1_PA032",2,0,0,0,NA,NA,NA,NA,"TOR_20260825_1","B010",0
"TOR_20260825_1_PA033",6,0,0,0,NA,NA,NA,NA,"TOR_20260825_1","B008",0
"TOR_20260825_1_PA034",1,0,0,0,NA,NA,NA,NA,"TOR_20260825_1","B002",0
"TOR_20260825_1_PA035",5,0,0,0,NA,NA,NA,NA,"TOR_20260825_1","B001",0
"TOR_20260825_1_PA036",2,0,0,0,NA,NA,NA,NA,"TOR_20260825_1","B007",0
"TOR_20260825_1_PA037",2,0,0,0,NA,NA,NA,NA,"TOR_20260825_1","B004",0
"TOR_20260825_1_PA038",2,0,0,0,NA,NA,NA,NA,"TOR_20260825_1","B014",0
"TOR_20260826_1_PA001",6,0,0,0,NA,NA,NA,NA,"TOR_20260826_1","B004",1
"TOR_20260826_1_PA002",5,0,0,0,NA,NA,NA,NA,"TOR_20260826_1","B017",0
"TOR_20260826_1_PA003",6,0,0,0,NA,NA,NA,NA,"TOR_20260826_1","B001",0
"TOR_20260826_1_PA004",3,0,0,0,NA,NA,NA,NA,"TOR_20260826_1","B009",1
"TOR_20260826_1_PA005",2,0,0,0,NA,NA,NA,NA,"TOR_20260826_1","B010",0
"TOR_20260826_1_PA006",3,0,0,0,NA,NA,NA,NA,"TOR_20260826_1","B012",0
"TOR_20260826_1_PA007",2,0,0,0,NA,NA,NA,NA,"TOR_20260826_1","B014",0
"TOR_20260826_1_PA008",6,0,0,0,NA,NA,NA,NA,"TOR_20260826_1","B008",1
"TOR_20260826_1_PA009",4,0,0,0,NA,NA,NA,NA,"TOR_20260826_1","B002",0
"TOR_20260826_1_PA010",2,0,0,0,NA,NA,NA,NA,"TOR_20260826_1","B004",0
"TOR_20260826_1_PA011",2,0,0,0,NA,NA,NA,NA,"TOR_20260826_1","B017",0
"TOR_20260826_1_PA012",2,0,0,0,NA,NA,NA,NA,"TOR_20260826_1","B001",0
"TOR_20260826_1_PA013",3,0,0,0,NA,NA,NA,NA,"TOR_20260826_1","B009",0
"TOR_20260826_1_PA014",5,0,0,0,NA,NA,NA,NA,"TOR_20260826_1","B010",0
"TOR_20260826_1_PA015",6,0,0,0,NA,NA,NA,NA,"TOR_20260826_1","B012",0
"TOR_20260826_1_PA016",2,0,0,0,NA,NA,NA,NA,"TOR_20260826_1","B014",0
"TOR_20260826_1_PA017",1,0,0,0,NA,NA,NA,NA,"TOR_20260826_1","B008",0
"TOR_20260826_1_PA018",4,0,0,0,NA,NA,NA,NA,"TOR_20260826_1","B002",0
"TOR_20260826_1_PA019",4,0,0,0,NA,NA,NA,NA,"TOR_20260826_1","B004",0
"TOR_20260826_1_PA020",5,0,0,0,NA,NA,NA,NA,"TOR_20260826_1","B017",0
"TOR_20260826_1_PA021",2,0,0,0,NA,NA,NA,NA,"TOR_20260826_1","B001",0
"TOR_20260826_1_PA022",2,0,0,0,NA,NA,NA,NA,"TOR_20260826_1","B009",0
"TOR_20260826_1_PA023",3,0,0,0,NA,NA,NA,NA,"TOR_20260826_1","B010",1
"TOR_20260826_1_PA024",6,0,0,0,NA,NA,NA,NA,"TOR_20260826_1","B012",0
"TOR_20260826_1_PA025",6,0,0,0,NA,NA,NA,NA,"TOR_20260826_1","B014",1
"TOR_20260826_1_PA026",3,0,0,0,NA,NA,NA,NA,"TOR_20260826_1","B008",0
"TOR_20260826_1_PA027",2,0,0,0,NA,NA,NA,NA,"TOR_20260826_1","B002",0
"TOR_20260826_1_PA028",6,1,0,1,4,3,0,0,"TOR_20260826_1","B004",0
"TOR_20260826_1_PA029",1,0,0,0,NA,NA,NA,NA,"TOR_20260826_1","B017",0
"TOR_20260826_1_PA030",3,0,0,0,NA,NA,NA,NA,"TOR_20260826_1","B001",0
"TOR_20260826_1_PA031",2,0,0,0,NA,NA,NA,NA,"TOR_20260826_1","B009",0
"TOR_20260827_1_PA001",3,0,0,0,NA,NA,NA,NA,"TOR_20260827_1","B005",0
"TOR_20260827_1_PA002",4,0,0,0,NA,NA,NA,NA,"TOR_20260827_1","B017",1
"TOR_20260827_1_PA003",4,0,0,0,NA,NA,NA,NA,"TOR_20260827_1","B001",0
"TOR_20260827_1_PA004",7,1,0,1,3,1,1,0,"TOR_20260827_1","B009",0
"TOR_20260827_1_PA005",1,0,0,0,NA,NA,NA,NA,"TOR_20260827_1","B012",0
"TOR_20260827_1_PA006",3,0,0,0,NA,NA,NA,NA,"TOR_20260827_1","B008",0
"TOR_20260827_1_PA007",5,0,0,0,NA,NA,NA,NA,"TOR_20260827_1","B007",1
"TOR_20260827_1_PA008",6,0,0,0,NA,NA,NA,NA,"TOR_20260827_1","B013",0
"TOR_20260827_1_PA009",2,0,0,0,NA,NA,NA,NA,"TOR_20260827_1","B014",0
"TOR_20260827_1_PA010",4,0,0,0,NA,NA,NA,NA,"TOR_20260827_1","B005",0
"TOR_20260827_1_PA011",6,0,0,0,NA,NA,NA,NA,"TOR_20260827_1","B017",0
"TOR_20260827_1_PA012",2,0,0,0,NA,NA,NA,NA,"TOR_20260827_1","B001",0
"TOR_20260827_1_PA013",1,0,0,0,NA,NA,NA,NA,"TOR_20260827_1","B009",0
"TOR_20260827_1_PA014",2,0,0,0,NA,NA,NA,NA,"TOR_20260827_1","B001",0
"TOR_20260827_1_PA015",3,0,0,0,NA,NA,NA,NA,"TOR_20260827_1","B008",0
"TOR_20260827_1_PA016",1,0,0,0,NA,NA,NA,NA,"TOR_20260827_1","B007",0
"TOR_20260827_1_PA017",3,0,0,0,NA,NA,NA,NA,"TOR_20260827_1","B013",1
"TOR_20260827_1_PA018",4,0,0,0,NA,NA,NA,NA,"TOR_20260827_1","B014",0
"TOR_20260827_1_PA019",4,0,0,0,NA,NA,NA,NA,"TOR_20260827_1","B005",0
"TOR_20260827_1_PA020",3,0,0,0,NA,NA,NA,NA,"TOR_20260827_1","B017",0
"TOR_20260827_1_PA021",3,0,0,0,NA,NA,NA,NA,"TOR_20260827_1","B001",0
"TOR_20260827_1_PA022",1,0,0,0,NA,NA,NA,NA,"TOR_20260827_1","B009",0
"TOR_20260827_1_PA023",4,0,0,0,NA,NA,NA,NA,"TOR_20260827_1","B012",0
"TOR_20260827_1_PA024",3,0,0,0,NA,NA,NA,NA,"TOR_20260827_1","B008",0
"TOR_20260827_1_PA025",2,0,0,0,NA,NA,NA,NA,"TOR_20260827_1","B007",0
"TOR_20260827_1_PA026",7,1,0,1,3,0,2,0,"TOR_20260827_1","B013",0
"TOR_20260827_1_PA027",3,0,0,0,NA,NA,NA,NA,"TOR_20260827_1","B014",0
"TOR_20260827_1_PA028",2,0,0,0,NA,NA,NA,NA,"TOR_20260827_1","B005",0
"TOR_20260827_1_PA029",3,0,0,0,NA,NA,NA,NA,"TOR_20260827_1","B017",0
"TOR_20260827_1_PA030",4,0,0,0,NA,NA,NA,NA,"TOR_20260827_1","B001",0
"TOR_20260827_1_PA031",2,0,0,0,NA,NA,NA,NA,"TOR_20260827_1","B009",0
"TOR_20260827_1_PA032",3,0,0,0,NA,NA,NA,NA,"TOR_20260827_1","B012",0
"TOR_20260827_1_PA033",3,0,0,0,NA,NA,NA,NA,"TOR_20260827_1","B008",0
"TOR_20260827_1_PA034",5,0,0,0,NA,NA,NA,NA,"TOR_20260827_1","B007",0
"TOR_20260827_1_PA035",4,1,0,1,3,1,1,0,"TOR_20260827_1","B013",0
"TOR_20260828_1_PA001",2,0,0,0,NA,NA,NA,NA,"TOR_20260828_1","B004",0
"TOR_20260828_1_PA002",3,0,0,0,NA,NA,NA,NA,"TOR_20260828_1","B014",0
"TOR_20260828_1_PA003",1,0,0,0,NA,NA,NA,NA,"TOR_20260828_1","B017",0
"TOR_20260828_1_PA004",3,0,0,0,NA,NA,NA,NA,"TOR_20260828_1","B009",0
"TOR_20260828_1_PA005",5,0,0,0,NA,NA,NA,NA,"TOR_20260828_1","B010",0
"TOR_20260828_1_PA006",4,0,0,0,NA,NA,NA,NA,"TOR_20260828_1","B012",0
"TOR_20260828_1_PA007",1,0,0,0,NA,NA,NA,NA,"TOR_20260828_1","B002",0
"TOR_20260828_1_PA008",1,0,0,0,NA,NA,NA,NA,"TOR_20260828_1","B008",0
"TOR_20260828_1_PA009",3,0,0,0,NA,NA,NA,NA,"TOR_20260828_1","B003",0
"TOR_20260828_1_PA010",3,0,0,0,NA,NA,NA,NA,"TOR_20260828_1","B004",0
"TOR_20260828_1_PA011",1,0,0,0,NA,NA,NA,NA,"TOR_20260828_1","B014",0
"TOR_20260828_1_PA012",1,0,0,0,NA,NA,NA,NA,"TOR_20260828_1","B017",0
"TOR_20260828_1_PA013",2,0,0,0,NA,NA,NA,NA,"TOR_20260828_1","B009",0
"TOR_20260828_1_PA014",3,0,0,0,NA,NA,NA,NA,"TOR_20260828_1","B010",0
"TOR_20260828_1_PA015",3,0,0,0,NA,NA,NA,NA,"TOR_20260828_1","B012",0
"TOR_20260828_1_PA016",2,0,0,0,NA,NA,NA,NA,"TOR_20260828_1","B002",0
"TOR_20260828_1_PA017",2,0,0,0,NA,NA,NA,NA,"TOR_20260828_1","B008",0
"TOR_20260828_1_PA018",4,0,0,0,NA,NA,NA,NA,"TOR_20260828_1","B003",0
"TOR_20260828_1_PA019",3,0,0,0,NA,NA,NA,NA,"TOR_20260828_1","B004",1
"TOR_20260828_1_PA020",3,0,0,0,NA,NA,NA,NA,"TOR_20260828_1","B014",0
"TOR_20260828_1_PA021",5,0,0,0,NA,NA,NA,NA,"TOR_20260828_1","B017",0
"TOR_20260828_1_PA022",5,0,0,0,NA,NA,NA,NA,"TOR_20260828_1","B009",0
"TOR_20260828_1_PA023",5,0,0,0,NA,NA,NA,NA,"TOR_20260828_1","B010",0
"TOR_20260828_1_PA024",5,0,0,0,NA,NA,NA,NA,"TOR_20260828_1","B012",0
"TOR_20260828_1_PA025",2,0,0,0,NA,NA,NA,NA,"TOR_20260828_1","B002",0
"TOR_20260828_1_PA026",7,0,0,0,NA,NA,NA,NA,"TOR_20260828_1","B008",0
"TOR_20260828_1_PA027",9,0,0,0,NA,NA,NA,NA,"TOR_20260828_1","B003",0
"TOR_20260828_1_PA028",1,0,0,0,NA,NA,NA,NA,"TOR_20260828_1","B004",0
"TOR_20260828_1_PA029",8,0,0,0,NA,NA,NA,NA,"TOR_20260828_1","B014",0
"TOR_20260828_1_PA030",3,0,0,0,NA,NA,NA,NA,"TOR_20260828_1","B017",0
"TOR_20260828_1_PA031",4,1,0,1,3,0,2,0,"TOR_20260828_1","B009",0
"TOR_20260828_1_PA032",3,0,0,0,NA,NA,NA,NA,"TOR_20260828_1","B013",0
"TOR_20260828_1_PA033",1,0,0,0,NA,NA,NA,NA,"TOR_20260828_1","B012",0
"TOR_20260828_1_PA034",5,0,0,0,NA,NA,NA,NA,"TOR_20260828_1","B002",1
"TOR_20260828_1_PA035",6,0,0,0,NA,NA,NA,NA,"TOR_20260828_1","B008",1
"TOR_20260828_1_PA036",1,0,0,0,NA,NA,NA,NA,"TOR_20260828_1","B003",0
"TOR_20260828_1_PA037",7,0,0,0,NA,NA,NA,NA,"TOR_20260828_1","B004",0
"TOR_20260828_1_PA038",7,0,0,0,NA,NA,NA,NA,"TOR_20260828_1","B014",0
"TOR_20260829_1_PA001",5,0,0,0,NA,NA,NA,NA,"TOR_20260829_1","B004",1
"TOR_20260829_1_PA002",4,0,0,0,NA,NA,NA,NA,"TOR_20260829_1","B001",0
"TOR_20260829_1_PA003",4,0,0,0,NA,NA,NA,NA,"TOR_20260829_1","B017",0
"TOR_20260829_1_PA004",3,0,0,0,NA,NA,NA,NA,"TOR_20260829_1","B009",0
"TOR_20260829_1_PA005",6,0,0,0,NA,NA,NA,NA,"TOR_20260829_1","B012",0
"TOR_20260829_1_PA006",5,0,0,0,NA,NA,NA,NA,"TOR_20260829_1","B005",0
"TOR_20260829_1_PA007",9,0,0,0,NA,NA,NA,NA,"TOR_20260829_1","B008",0
"TOR_20260829_1_PA008",4,0,0,0,NA,NA,NA,NA,"TOR_20260829_1","B007",0
"TOR_20260829_1_PA009",1,0,0,0,NA,NA,NA,NA,"TOR_20260829_1","B013",0
"TOR_20260829_1_PA010",6,2,0,1,5,2,2,0,"TOR_20260829_1","B004",0
"TOR_20260829_1_PA011",6,1,0,1,5,1,2,0,"TOR_20260829_1","B001",1
"TOR_20260829_1_PA012",3,0,0,0,NA,NA,NA,NA,"TOR_20260829_1","B017",0
"TOR_20260829_1_PA013",1,0,0,0,NA,NA,NA,NA,"TOR_20260829_1","B009",0
"TOR_20260829_1_PA014",7,0,0,0,NA,NA,NA,NA,"TOR_20260829_1","B012",0
"TOR_20260829_1_PA015",3,0,0,0,NA,NA,NA,NA,"TOR_20260829_1","B005",0
"TOR_20260829_1_PA016",3,0,0,0,NA,NA,NA,NA,"TOR_20260829_1","B008",0
"TOR_20260829_1_PA017",3,0,0,0,NA,NA,NA,NA,"TOR_20260829_1","B007",1
"TOR_20260829_1_PA018",7,0,0,0,NA,NA,NA,NA,"TOR_20260829_1","B013",0
"TOR_20260829_1_PA019",5,0,0,0,NA,NA,NA,NA,"TOR_20260829_1","B004",0
"TOR_20260829_1_PA020",6,0,0,0,NA,NA,NA,NA,"TOR_20260829_1","B001",1
"TOR_20260829_1_PA021",6,0,0,0,NA,NA,NA,NA,"TOR_20260829_1","B017",0
"TOR_20260829_1_PA022",6,1,0,1,6,3,2,1,"TOR_20260829_1","B009",0
"TOR_20260829_1_PA023",5,1,1,1,1,0,0,0,"TOR_20260829_1","B012",0
"TOR_20260829_1_PA024",6,0,0,0,NA,NA,NA,NA,"TOR_20260829_1","B005",0
"TOR_20260829_1_PA025",1,0,0,0,NA,NA,NA,NA,"TOR_20260829_1","B008",0
"TOR_20260829_1_PA026",2,0,0,0,NA,NA,NA,NA,"TOR_20260829_1","B007",0
"TOR_20260829_1_PA027",8,1,0,1,6,2,2,0,"TOR_20260829_1","B013",0
"TOR_20260829_1_PA028",4,0,0,0,NA,NA,NA,NA,"TOR_20260829_1","B004",0
"TOR_20260829_1_PA029",5,0,0,0,NA,NA,NA,NA,"TOR_20260829_1","B001",0
"TOR_20260829_1_PA030",3,1,1,1,1,0,0,0,"TOR_20260829_1","B017",0
"TOR_20260829_1_PA031",2,0,0,0,NA,NA,NA,NA,"TOR_20260829_1","B009",0
"TOR_20260829_1_PA032",4,0,0,0,NA,NA,NA,NA,"TOR_20260829_1","B012",1
"TOR_20260829_1_PA033",4,0,0,0,NA,NA,NA,NA,"TOR_20260829_1","B010",0
"TOR_20260829_1_PA034",5,0,0,0,NA,NA,NA,NA,"TOR_20260829_1","B008",1
"TOR_20260829_1_PA035",2,0,0,0,NA,NA,NA,NA,"TOR_20260829_1","B014",0
"TOR_20260829_1_PA036",1,0,0,0,NA,NA,NA,NA,"TOR_20260829_1","B013",0
"TOR_20260830_1_PA001",6,0,0,0,NA,NA,NA,NA,"TOR_20260830_1","B004",0
"TOR_20260830_1_PA002",3,1,1,1,1,0,0,0,"TOR_20260830_1","B017",0
"TOR_20260830_1_PA003",3,0,0,0,NA,NA,NA,NA,"TOR_20260830_1","B001",0
"TOR_20260830_1_PA004",5,0,0,0,NA,NA,NA,NA,"TOR_20260830_1","B009",1
"TOR_20260830_1_PA005",8,0,0,0,NA,NA,NA,NA,"TOR_20260830_1","B014",0
"TOR_20260830_1_PA006",7,1,1,1,1,0,0,0,"TOR_20260830_1","B012",0
"TOR_20260830_1_PA007",6,0,0,0,NA,NA,NA,NA,"TOR_20260830_1","B002",1
"TOR_20260830_1_PA008",2,0,0,0,NA,NA,NA,NA,"TOR_20260830_1","B005",0
"TOR_20260830_1_PA009",2,0,0,0,NA,NA,NA,NA,"TOR_20260830_1","B013",0
"TOR_20260830_1_PA010",4,0,0,0,NA,NA,NA,NA,"TOR_20260830_1","B004",1
"TOR_20260830_1_PA011",5,0,0,0,NA,NA,NA,NA,"TOR_20260830_1","B017",0
"TOR_20260830_1_PA012",4,0,0,0,NA,NA,NA,NA,"TOR_20260830_1","B001",0
"TOR_20260830_1_PA013",1,0,0,0,NA,NA,NA,NA,"TOR_20260830_1","B009",0
"TOR_20260830_1_PA014",6,1,0,1,5,2,2,0,"TOR_20260830_1","B014",0
"TOR_20260830_1_PA015",1,0,0,0,NA,NA,NA,NA,"TOR_20260830_1","B012",0
"TOR_20260830_1_PA016",3,0,0,0,NA,NA,NA,NA,"TOR_20260830_1","B002",0
"TOR_20260830_1_PA017",3,0,0,0,NA,NA,NA,NA,"TOR_20260830_1","B005",0
"TOR_20260830_1_PA018",3,0,0,0,NA,NA,NA,NA,"TOR_20260830_1","B013",0
"TOR_20260830_1_PA019",1,0,0,0,NA,NA,NA,NA,"TOR_20260830_1","B004",0
"TOR_20260830_1_PA020",7,1,0,1,4,2,1,0,"TOR_20260830_1","B017",0
"TOR_20260830_1_PA021",3,0,0,0,NA,NA,NA,NA,"TOR_20260830_1","B001",0
"TOR_20260830_1_PA022",4,0,0,0,NA,NA,NA,NA,"TOR_20260830_1","B009",1
"TOR_20260830_1_PA023",5,0,0,0,NA,NA,NA,NA,"TOR_20260830_1","B014",1
"TOR_20260830_1_PA024",1,0,0,0,NA,NA,NA,NA,"TOR_20260830_1","B012",0
"TOR_20260830_1_PA025",4,0,0,0,NA,NA,NA,NA,"TOR_20260830_1","B002",0
"TOR_20260830_1_PA026",4,0,0,0,NA,NA,NA,NA,"TOR_20260830_1","B005",0
"TOR_20260830_1_PA027",2,0,0,0,NA,NA,NA,NA,"TOR_20260830_1","B013",0
"TOR_20260830_1_PA028",5,0,0,0,NA,NA,NA,NA,"TOR_20260830_1","B004",0
"TOR_20260830_1_PA029",5,0,0,0,NA,NA,NA,NA,"TOR_20260830_1","B017",0
"TOR_20260830_1_PA030",4,0,0,0,NA,NA,NA,NA,"TOR_20260830_1","B001",0
"TOR_20260830_1_PA031",5,0,0,0,NA,NA,NA,NA,"TOR_20260830_1","B009",0
"TOR_20260830_1_PA032",2,0,0,0,NA,NA,NA,NA,"TOR_20260830_1","B014",0
"TOR_20260830_1_PA033",4,0,0,0,NA,NA,NA,NA,"TOR_20260830_1","B012",0
"TOR_20260830_1_PA034",1,0,0,0,NA,NA,NA,NA,"TOR_20260830_1","B002",0
"TOR_20260830_1_PA035",2,0,0,0,NA,NA,NA,NA,"TOR_20260830_1","B008",0
"TOR_20260830_1_PA036",5,0,0,0,NA,NA,NA,NA,"TOR_20260830_1","B013",0
"TOR_20260830_1_PA037",5,0,0,0,NA,NA,NA,NA,"TOR_20260830_1","B004",0
"TOR_20260830_1_PA038",5,0,0,0,NA,NA,NA,NA,"TOR_20260830_1","B017",0
"TOR_20260901_1_PA001",4,0,0,0,NA,NA,NA,NA,"TOR_20260901_1","B004",1
"TOR_20260901_1_PA002",6,0,0,0,NA,NA,NA,NA,"TOR_20260901_1","B001",1
"TOR_20260901_1_PA003",2,0,0,0,NA,NA,NA,NA,"TOR_20260901_1","B017",0
"TOR_20260901_1_PA004",4,0,0,0,NA,NA,NA,NA,"TOR_20260901_1","B009",0
"TOR_20260901_1_PA005",3,0,0,0,NA,NA,NA,NA,"TOR_20260901_1","B014",1
"TOR_20260901_1_PA006",5,0,0,0,NA,NA,NA,NA,"TOR_20260901_1","B012",1
"TOR_20260901_1_PA007",3,0,0,0,NA,NA,NA,NA,"TOR_20260901_1","B002",0
"TOR_20260901_1_PA008",3,0,0,0,NA,NA,NA,NA,"TOR_20260901_1","B008",0
"TOR_20260901_1_PA009",3,0,0,0,NA,NA,NA,NA,"TOR_20260901_1","B013",0
"TOR_20260901_1_PA010",7,0,0,0,NA,NA,NA,NA,"TOR_20260901_1","B004",1
"TOR_20260901_1_PA011",1,0,0,0,NA,NA,NA,NA,"TOR_20260901_1","B001",0
"TOR_20260901_1_PA012",6,0,0,0,NA,NA,NA,NA,"TOR_20260901_1","B017",0
"TOR_20260901_1_PA013",4,0,0,0,NA,NA,NA,NA,"TOR_20260901_1","B009",1
"TOR_20260901_1_PA014",1,0,0,0,NA,NA,NA,NA,"TOR_20260901_1","B014",0
"TOR_20260901_1_PA015",1,0,0,0,NA,NA,NA,NA,"TOR_20260901_1","B012",0
"TOR_20260901_1_PA016",3,0,0,0,NA,NA,NA,NA,"TOR_20260901_1","B002",1
"TOR_20260901_1_PA017",6,0,0,0,NA,NA,NA,NA,"TOR_20260901_1","B008",0
"TOR_20260901_1_PA018",5,0,0,0,NA,NA,NA,NA,"TOR_20260901_1","B013",1
"TOR_20260901_1_PA019",4,0,0,0,NA,NA,NA,NA,"TOR_20260901_1","B004",0
"TOR_20260901_1_PA020",5,0,0,0,NA,NA,NA,NA,"TOR_20260901_1","B001",1
"TOR_20260901_1_PA021",4,0,0,0,NA,NA,NA,NA,"TOR_20260901_1","B017",0
"TOR_20260901_1_PA022",4,0,0,0,NA,NA,NA,NA,"TOR_20260901_1","B009",1
"TOR_20260901_1_PA023",4,0,0,0,NA,NA,NA,NA,"TOR_20260901_1","B014",1
"TOR_20260901_1_PA024",5,0,0,0,NA,NA,NA,NA,"TOR_20260901_1","B012",1
"TOR_20260901_1_PA025",3,0,0,0,NA,NA,NA,NA,"TOR_20260901_1","B002",1
"TOR_20260901_1_PA026",3,0,0,0,NA,NA,NA,NA,"TOR_20260901_1","B008",0
"TOR_20260901_1_PA027",5,0,0,0,NA,NA,NA,NA,"TOR_20260901_1","B010",1
"TOR_20260901_1_PA028",1,0,0,0,NA,NA,NA,NA,"TOR_20260901_1","B004",0
"TOR_20260901_1_PA029",8,0,0,0,NA,NA,NA,NA,"TOR_20260901_1","B001",0
"TOR_20260901_1_PA030",3,0,0,0,NA,NA,NA,NA,"TOR_20260901_1","B017",0
"TOR_20260901_1_PA031",5,0,0,0,NA,NA,NA,NA,"TOR_20260901_1","B009",0
"TOR_20260901_1_PA032",2,0,0,0,NA,NA,NA,NA,"TOR_20260901_1","B014",0
"TOR_20260902_1_PA001",1,0,0,0,NA,NA,NA,NA,"TOR_20260902_1","B004",0
"TOR_20260902_1_PA002",1,0,0,0,NA,NA,NA,NA,"TOR_20260902_1","B009",0
"TOR_20260902_1_PA003",2,0,0,0,NA,NA,NA,NA,"TOR_20260902_1","B017",0
"TOR_20260902_1_PA004",6,0,0,0,NA,NA,NA,NA,"TOR_20260902_1","B001",1
"TOR_20260902_1_PA005",3,0,0,0,NA,NA,NA,NA,"TOR_20260902_1","B012",0
"TOR_20260902_1_PA006",3,0,0,0,NA,NA,NA,NA,"TOR_20260902_1","B014",0
"TOR_20260902_1_PA007",1,0,0,0,NA,NA,NA,NA,"TOR_20260902_1","B008",0
"TOR_20260902_1_PA008",5,0,0,0,NA,NA,NA,NA,"TOR_20260902_1","B002",0
"TOR_20260902_1_PA009",7,0,0,0,NA,NA,NA,NA,"TOR_20260902_1","B013",0
"TOR_20260902_1_PA010",3,0,0,0,NA,NA,NA,NA,"TOR_20260902_1","B004",0
"TOR_20260902_1_PA011",4,0,0,0,NA,NA,NA,NA,"TOR_20260902_1","B009",0
"TOR_20260902_1_PA012",2,0,0,0,NA,NA,NA,NA,"TOR_20260902_1","B017",0
"TOR_20260902_1_PA013",5,0,0,0,NA,NA,NA,NA,"TOR_20260902_1","B001",0
"TOR_20260902_1_PA014",5,0,0,0,NA,NA,NA,NA,"TOR_20260902_1","B012",1
"TOR_20260902_1_PA015",3,0,0,0,NA,NA,NA,NA,"TOR_20260902_1","B014",0
"TOR_20260902_1_PA016",4,0,0,0,NA,NA,NA,NA,"TOR_20260902_1","B008",0
"TOR_20260902_1_PA017",7,0,0,0,NA,NA,NA,NA,"TOR_20260902_1","B002",0
"TOR_20260902_1_PA018",3,0,0,0,NA,NA,NA,NA,"TOR_20260902_1","B013",0
"TOR_20260902_1_PA019",6,0,0,0,NA,NA,NA,NA,"TOR_20260902_1","B004",0
"TOR_20260902_1_PA020",3,0,0,0,NA,NA,NA,NA,"TOR_20260902_1","B009",1
"TOR_20260902_1_PA021",2,0,0,0,NA,NA,NA,NA,"TOR_20260902_1","B017",0
"TOR_20260902_1_PA022",5,0,0,0,NA,NA,NA,NA,"TOR_20260902_1","B001",1
"TOR_20260902_1_PA023",6,0,0,0,NA,NA,NA,NA,"TOR_20260902_1","B012",1
"TOR_20260902_1_PA024",1,0,0,0,NA,NA,NA,NA,"TOR_20260902_1","B014",0
"TOR_20260902_1_PA025",3,0,0,0,NA,NA,NA,NA,"TOR_20260902_1","B008",0
"TOR_20260902_1_PA026",6,0,0,0,NA,NA,NA,NA,"TOR_20260902_1","B002",1
"TOR_20260902_1_PA027",1,0,0,0,NA,NA,NA,NA,"TOR_20260902_1","B013",0
"TOR_20260902_1_PA028",5,0,0,0,NA,NA,NA,NA,"TOR_20260902_1","B004",0
"TOR_20260902_1_PA029",4,0,0,0,NA,NA,NA,NA,"TOR_20260902_1","B009",0
"TOR_20260902_1_PA030",3,0,0,0,NA,NA,NA,NA,"TOR_20260902_1","B017",0
"TOR_20260902_1_PA031",1,0,0,0,NA,NA,NA,NA,"TOR_20260902_1","B001",0
"TOR_20260902_1_PA032",3,0,0,0,NA,NA,NA,NA,"TOR_20260902_1","B012",1
"TOR_20260902_1_PA033",5,0,0,0,NA,NA,NA,NA,"TOR_20260902_1","B014",1
"TOR_20260902_1_PA034",2,0,0,0,NA,NA,NA,NA,"TOR_20260902_1","B008",0
"TOR_20260902_1_PA035",2,0,0,0,NA,NA,NA,NA,"TOR_20260902_1","B011",0
"TOR_20260902_1_PA036",5,0,0,0,NA,NA,NA,NA,"TOR_20260902_1","B013",0
"TOR_20260902_1_PA037",3,0,0,0,NA,NA,NA,NA,"TOR_20260902_1","B004",0
"TOR_20260902_1_PA038",2,0,0,0,NA,NA,NA,NA,"TOR_20260902_1","B010",0
"TOR_20260902_1_PA039",3,0,0,0,NA,NA,NA,NA,"TOR_20260902_1","B016",0
"TOR_20260902_1_PA040",6,0,0,0,NA,NA,NA,NA,"TOR_20260902_1","B001",0
"TOR_20260902_1_PA041",4,0,0,0,NA,NA,NA,NA,"TOR_20260902_1","B005",0
"TOR_20260902_1_PA042",3,0,0,0,NA,NA,NA,NA,"TOR_20260902_1","B014",0
"TOR_20260902_1_PA043",2,0,0,0,NA,NA,NA,NA,"TOR_20260902_1","B008",0
"TOR_20260902_1_PA044",2,0,0,0,NA,NA,NA,NA,"TOR_20260902_1","B011",0
"TOR_20260903_1_PA001",5,0,0,0,NA,NA,NA,NA,"TOR_20260903_1","B004",0
"TOR_20260903_1_PA002",4,0,0,0,NA,NA,NA,NA,"TOR_20260903_1","B014",0
"TOR_20260903_1_PA003",4,0,0,0,NA,NA,NA,NA,"TOR_20260903_1","B017",1
"TOR_20260903_1_PA004",8,0,0,0,NA,NA,NA,NA,"TOR_20260903_1","B010",1
"TOR_20260903_1_PA005",7,0,0,0,NA,NA,NA,NA,"TOR_20260903_1","B016",0
"TOR_20260903_1_PA006",4,0,0,0,NA,NA,NA,NA,"TOR_20260903_1","B002",0
"TOR_20260903_1_PA007",3,0,0,0,NA,NA,NA,NA,"TOR_20260903_1","B008",1
"TOR_20260903_1_PA008",6,0,0,0,NA,NA,NA,NA,"TOR_20260903_1","B003",0
"TOR_20260903_1_PA009",2,0,0,0,NA,NA,NA,NA,"TOR_20260903_1","B004",0
"TOR_20260903_1_PA010",4,0,0,0,NA,NA,NA,NA,"TOR_20260903_1","B014",0
"TOR_20260903_1_PA011",8,0,0,0,NA,NA,NA,NA,"TOR_20260903_1","B017",0
"TOR_20260903_1_PA012",1,0,0,0,NA,NA,NA,NA,"TOR_20260903_1","B010",0
"TOR_20260903_1_PA013",3,0,0,0,NA,NA,NA,NA,"TOR_20260903_1","B016",0
"TOR_20260903_1_PA014",6,0,0,0,NA,NA,NA,NA,"TOR_20260903_1","B011",1
"TOR_20260903_1_PA015",5,0,0,0,NA,NA,NA,NA,"TOR_20260903_1","B002",0
"TOR_20260903_1_PA016",4,0,0,0,NA,NA,NA,NA,"TOR_20260903_1","B008",0
"TOR_20260903_1_PA017",7,0,0,0,NA,NA,NA,NA,"TOR_20260903_1","B003",0
"TOR_20260903_1_PA018",1,0,0,0,NA,NA,NA,NA,"TOR_20260903_1","B004",0
"TOR_20260903_1_PA019",2,0,0,0,NA,NA,NA,NA,"TOR_20260903_1","B014",0
"TOR_20260903_1_PA020",4,0,0,0,NA,NA,NA,NA,"TOR_20260903_1","B017",0
"TOR_20260903_1_PA021",5,0,0,0,NA,NA,NA,NA,"TOR_20260903_1","B010",0
"TOR_20260903_1_PA022",5,0,0,0,NA,NA,NA,NA,"TOR_20260903_1","B016",0
"TOR_20260903_1_PA023",8,0,0,0,NA,NA,NA,NA,"TOR_20260903_1","B011",0
"TOR_20260903_1_PA024",4,0,0,0,NA,NA,NA,NA,"TOR_20260903_1","B002",1
"TOR_20260903_1_PA025",2,0,0,0,NA,NA,NA,NA,"TOR_20260903_1","B008",0
"TOR_20260903_1_PA026",3,0,0,0,NA,NA,NA,NA,"TOR_20260903_1","B003",0
"TOR_20260903_1_PA027",2,0,0,0,NA,NA,NA,NA,"TOR_20260903_1","B004",0
"TOR_20260903_1_PA028",5,0,0,0,NA,NA,NA,NA,"TOR_20260903_1","B014",0
"TOR_20260903_1_PA029",2,0,0,0,NA,NA,NA,NA,"TOR_20260903_1","B017",0
"TOR_20260903_1_PA030",6,0,0,0,NA,NA,NA,NA,"TOR_20260903_1","B013",0
"TOR_20260903_1_PA031",6,0,0,0,NA,NA,NA,NA,"TOR_20260903_1","B016",1
"TOR_20260903_1_PA032",4,0,0,0,NA,NA,NA,NA,"TOR_20260903_1","B011",1
"TOR_20260903_1_PA033",5,0,0,0,NA,NA,NA,NA,"TOR_20260903_1","B002",0
"TOR_20260903_1_PA034",4,0,0,0,NA,NA,NA,NA,"TOR_20260903_1","B008",0
"TOR_20260903_1_PA035",5,0,0,0,NA,NA,NA,NA,"TOR_20260903_1","B003",0
"TOR_20260903_1_PA036",7,0,0,0,NA,NA,NA,NA,"TOR_20260903_1","B004",1
"TOR_20260903_1_PA037",4,0,0,0,NA,NA,NA,NA,"TOR_20260903_1","B014",0
"TOR_20260903_1_PA038",4,0,0,0,NA,NA,NA,NA,"TOR_20260903_1","B017",0
"TOR_20260903_1_PA039",4,0,0,0,NA,NA,NA,NA,"TOR_20260903_1","B013",0
"TOR_20260903_1_PA040",6,0,0,0,NA,NA,NA,NA,"TOR_20260903_1","B016",1
"TOR_20260903_1_PA041",4,0,0,0,NA,NA,NA,NA,"TOR_20260903_1","B011",0
"TOR_20260903_1_PA042",2,0,0,0,NA,NA,NA,NA,"TOR_20260903_1","B002",0
"TOR_20260903_1_PA043",5,0,0,0,NA,NA,NA,NA,"TOR_20260903_1","B008",0
"TOR_20260903_1_PA044",5,0,0,0,NA,NA,NA,NA,"TOR_20260903_1","B003",1
"TOR_20260904_1_PA001",1,0,0,0,NA,NA,NA,NA,"TOR_20260904_1","B004",0
"TOR_20260904_1_PA002",4,0,0,0,NA,NA,NA,NA,"TOR_20260904_1","B009",0
"TOR_20260904_1_PA003",3,0,0,0,NA,NA,NA,NA,"TOR_20260904_1","B017",0
"TOR_20260904_1_PA004",2,0,0,0,NA,NA,NA,NA,"TOR_20260904_1","B001",0
"TOR_20260904_1_PA005",4,0,0,0,NA,NA,NA,NA,"TOR_20260904_1","B012",0
"TOR_20260904_1_PA006",5,0,0,0,NA,NA,NA,NA,"TOR_20260904_1","B005",0
"TOR_20260904_1_PA007",1,0,0,0,NA,NA,NA,NA,"TOR_20260904_1","B008",0
"TOR_20260904_1_PA008",3,0,0,0,NA,NA,NA,NA,"TOR_20260904_1","B014",0
"TOR_20260904_1_PA009",6,0,0,0,NA,NA,NA,NA,"TOR_20260904_1","B013",0
"TOR_20260904_1_PA010",4,0,0,0,NA,NA,NA,NA,"TOR_20260904_1","B004",0
"TOR_20260904_1_PA011",2,0,0,0,NA,NA,NA,NA,"TOR_20260904_1","B009",0
"TOR_20260904_1_PA012",1,0,0,0,NA,NA,NA,NA,"TOR_20260904_1","B017",0
"TOR_20260904_1_PA013",3,0,0,0,NA,NA,NA,NA,"TOR_20260904_1","B001",0
"TOR_20260904_1_PA014",5,0,0,0,NA,NA,NA,NA,"TOR_20260904_1","B012",0
"TOR_20260904_1_PA015",5,0,0,0,NA,NA,NA,NA,"TOR_20260904_1","B005",0
"TOR_20260904_1_PA016",2,0,0,0,NA,NA,NA,NA,"TOR_20260904_1","B008",0
"TOR_20260904_1_PA017",2,0,0,0,NA,NA,NA,NA,"TOR_20260904_1","B014",0
"TOR_20260904_1_PA018",1,0,0,0,NA,NA,NA,NA,"TOR_20260904_1","B013",0
"TOR_20260904_1_PA019",3,0,0,0,NA,NA,NA,NA,"TOR_20260904_1","B004",0
"TOR_20260904_1_PA020",2,0,0,0,NA,NA,NA,NA,"TOR_20260904_1","B009",0
"TOR_20260904_1_PA021",5,0,0,0,NA,NA,NA,NA,"TOR_20260904_1","B017",0
"TOR_20260904_1_PA022",4,0,0,0,NA,NA,NA,NA,"TOR_20260904_1","B001",0
"TOR_20260904_1_PA023",1,0,0,0,NA,NA,NA,NA,"TOR_20260904_1","B012",0
"TOR_20260904_1_PA024",4,0,0,0,NA,NA,NA,NA,"TOR_20260904_1","B005",0
"TOR_20260904_1_PA025",2,0,0,0,NA,NA,NA,NA,"TOR_20260904_1","B008",0
"TOR_20260904_1_PA026",8,0,0,0,NA,NA,NA,NA,"TOR_20260904_1","B014",0
"TOR_20260904_1_PA027",1,0,0,0,NA,NA,NA,NA,"TOR_20260904_1","B013",0
"TOR_20260904_1_PA028",5,0,0,0,NA,NA,NA,NA,"TOR_20260904_1","B004",0
"TOR_20260904_1_PA029",3,0,0,0,NA,NA,NA,NA,"TOR_20260904_1","B009",0
"TOR_20260904_1_PA030",2,0,0,0,NA,NA,NA,NA,"TOR_20260904_1","B017",0
"TOR_20260904_1_PA031",2,0,0,0,NA,NA,NA,NA,"TOR_20260904_1","B001",0
"TOR_20260904_1_PA032",3,0,0,0,NA,NA,NA,NA,"TOR_20260904_1","B012",1
"TOR_20260904_1_PA033",4,0,0,0,NA,NA,NA,NA,"TOR_20260904_1","B011",1
"TOR_20260904_1_PA034",1,0,0,0,NA,NA,NA,NA,"TOR_20260904_1","B005",0
"TOR_20260904_1_PA035",2,0,0,0,NA,NA,NA,NA,"TOR_20260904_1","B014",0
"TOR_20260904_1_PA036",5,0,0,0,NA,NA,NA,NA,"TOR_20260904_1","B013",0
"TOR_20260904_1_PA037",7,0,0,0,NA,NA,NA,NA,"TOR_20260904_1","B004",1
"TOR_20260904_1_PA038",2,0,0,0,NA,NA,NA,NA,"TOR_20260904_1","B009",0
"TOR_20260904_1_PA039",2,0,0,0,NA,NA,NA,NA,"TOR_20260904_1","B016",0
"TOR_20260904_1_PA040",3,0,0,0,NA,NA,NA,NA,"TOR_20260904_1","B001",0
"TOR_20260904_1_PA041",5,0,0,0,NA,NA,NA,NA,"TOR_20260904_1","B012",1
"TOR_20260904_1_PA042",4,0,0,0,NA,NA,NA,NA,"TOR_20260904_1","B011",0
"TOR_20260904_1_PA043",3,0,0,0,NA,NA,NA,NA,"TOR_20260904_1","B008",0
"TOR_20260905_1_PA001",6,0,0,0,NA,NA,NA,NA,"TOR_20260905_1","B004",0
"TOR_20260905_1_PA002",6,0,0,0,NA,NA,NA,NA,"TOR_20260905_1","B009",0
"TOR_20260905_1_PA003",2,0,0,0,NA,NA,NA,NA,"TOR_20260905_1","B017",0
"TOR_20260905_1_PA004",4,0,0,0,NA,NA,NA,NA,"TOR_20260905_1","B001",0
"TOR_20260905_1_PA005",5,0,0,0,NA,NA,NA,NA,"TOR_20260905_1","B014",0
"TOR_20260905_1_PA006",8,0,0,0,NA,NA,NA,NA,"TOR_20260905_1","B012",0
"TOR_20260905_1_PA007",4,0,0,0,NA,NA,NA,NA,"TOR_20260905_1","B002",0
"TOR_20260905_1_PA008",6,0,0,0,NA,NA,NA,NA,"TOR_20260905_1","B008",0
"TOR_20260905_1_PA009",5,0,0,0,NA,NA,NA,NA,"TOR_20260905_1","B013",0
"TOR_20260905_1_PA010",5,0,0,0,NA,NA,NA,NA,"TOR_20260905_1","B004",0
"TOR_20260905_1_PA011",2,0,0,0,NA,NA,NA,NA,"TOR_20260905_1","B009",0
"TOR_20260905_1_PA012",4,0,0,0,NA,NA,NA,NA,"TOR_20260905_1","B017",0
"TOR_20260905_1_PA013",1,0,0,0,NA,NA,NA,NA,"TOR_20260905_1","B001",0
"TOR_20260905_1_PA014",3,0,0,0,NA,NA,NA,NA,"TOR_20260905_1","B014",0
"TOR_20260905_1_PA015",3,0,0,0,NA,NA,NA,NA,"TOR_20260905_1","B012",0
"TOR_20260905_1_PA016",7,0,0,0,NA,NA,NA,NA,"TOR_20260905_1","B002",0
"TOR_20260905_1_PA017",2,0,0,0,NA,NA,NA,NA,"TOR_20260905_1","B008",0
"TOR_20260905_1_PA018",2,0,0,0,NA,NA,NA,NA,"TOR_20260905_1","B013",0
"TOR_20260905_1_PA019",4,0,0,0,NA,NA,NA,NA,"TOR_20260905_1","B004",1
"TOR_20260905_1_PA020",1,0,0,0,NA,NA,NA,NA,"TOR_20260905_1","B009",0
"TOR_20260905_1_PA021",7,0,0,0,NA,NA,NA,NA,"TOR_20260905_1","B017",0
"TOR_20260905_1_PA022",5,0,0,0,NA,NA,NA,NA,"TOR_20260905_1","B001",0
"TOR_20260905_1_PA023",4,0,0,0,NA,NA,NA,NA,"TOR_20260905_1","B014",0
"TOR_20260905_1_PA024",4,0,0,0,NA,NA,NA,NA,"TOR_20260905_1","B012",0
"TOR_20260905_1_PA025",5,0,0,0,NA,NA,NA,NA,"TOR_20260905_1","B002",0
"TOR_20260905_1_PA026",3,0,0,0,NA,NA,NA,NA,"TOR_20260905_1","B008",1
"TOR_20260905_1_PA027",5,0,0,0,NA,NA,NA,NA,"TOR_20260905_1","B013",1
"TOR_20260905_1_PA028",2,0,0,0,NA,NA,NA,NA,"TOR_20260905_1","B004",0
"TOR_20260905_1_PA029",6,0,0,0,NA,NA,NA,NA,"TOR_20260905_1","B009",0
"TOR_20260905_1_PA030",4,0,0,0,NA,NA,NA,NA,"TOR_20260905_1","B017",1
"TOR_20260905_1_PA031",3,0,0,0,NA,NA,NA,NA,"TOR_20260905_1","B001",0
"TOR_20260905_1_PA032",3,0,0,0,NA,NA,NA,NA,"TOR_20260905_1","B014",0
"TOR_20260905_1_PA033",1,0,0,0,NA,NA,NA,NA,"TOR_20260905_1","B012",0
"TOR_20260905_1_PA034",5,0,0,0,NA,NA,NA,NA,"TOR_20260905_1","B002",0
"TOR_20260905_1_PA035",4,0,0,0,NA,NA,NA,NA,"TOR_20260905_1","B008",0
"TOR_20260905_1_PA036",5,0,0,0,NA,NA,NA,NA,"TOR_20260905_1","B013",0
"TOR_20260905_1_PA037",3,0,0,0,NA,NA,NA,NA,"TOR_20260905_1","B004",0
"TOR_20260905_1_PA038",2,0,0,0,NA,NA,NA,NA,"TOR_20260905_1","B009",0
"TOR_20260905_1_PA039",2,0,0,0,NA,NA,NA,NA,"TOR_20260905_1","B017",0
"TOR_20260905_1_PA040",2,0,0,0,NA,NA,NA,NA,"TOR_20260905_1","B001",0
"TOR_20260905_1_PA041",2,0,0,0,NA,NA,NA,NA,"TOR_20260905_1","B014",0
"TOR_20260905_1_PA042",3,0,0,0,NA,NA,NA,NA,"TOR_20260905_1","B012",0
"TOR_20260906_1_PA001",4,0,0,0,NA,NA,NA,NA,"TOR_20260906_1","B004",0
"TOR_20260906_1_PA002",2,0,0,0,NA,NA,NA,NA,"TOR_20260906_1","B014",0
"TOR_20260906_1_PA003",3,0,0,0,NA,NA,NA,NA,"TOR_20260906_1","B017",0
"TOR_20260906_1_PA004",5,0,0,0,NA,NA,NA,NA,"TOR_20260906_1","B010",0
"TOR_20260906_1_PA005",6,0,0,0,NA,NA,NA,NA,"TOR_20260906_1","B012",1
"TOR_20260906_1_PA006",6,0,0,0,NA,NA,NA,NA,"TOR_20260906_1","B016",1
"TOR_20260906_1_PA007",3,0,0,0,NA,NA,NA,NA,"TOR_20260906_1","B011",0
"TOR_20260906_1_PA008",6,0,0,0,NA,NA,NA,NA,"TOR_20260906_1","B002",0
"TOR_20260906_1_PA009",4,0,0,0,NA,NA,NA,NA,"TOR_20260906_1","B003",0
"TOR_20260906_1_PA010",1,0,0,0,NA,NA,NA,NA,"TOR_20260906_1","B004",0
"TOR_20260906_1_PA011",5,0,0,0,NA,NA,NA,NA,"TOR_20260906_1","B014",0
"TOR_20260906_1_PA012",2,0,0,0,NA,NA,NA,NA,"TOR_20260906_1","B017",0
"TOR_20260906_1_PA013",4,0,0,0,NA,NA,NA,NA,"TOR_20260906_1","B010",0
"TOR_20260906_1_PA014",4,0,0,0,NA,NA,NA,NA,"TOR_20260906_1","B012",0
"TOR_20260906_1_PA015",4,0,0,0,NA,NA,NA,NA,"TOR_20260906_1","B016",1
"TOR_20260906_1_PA016",8,0,0,0,NA,NA,NA,NA,"TOR_20260906_1","B011",0
"TOR_20260906_1_PA017",1,0,0,0,NA,NA,NA,NA,"TOR_20260906_1","B002",0
"TOR_20260906_1_PA018",5,0,0,0,NA,NA,NA,NA,"TOR_20260906_1","B003",0
"TOR_20260906_1_PA019",4,0,0,0,NA,NA,NA,NA,"TOR_20260906_1","B004",0
"TOR_20260906_1_PA020",2,0,0,0,NA,NA,NA,NA,"TOR_20260906_1","B014",0
"TOR_20260906_1_PA021",5,0,0,0,NA,NA,NA,NA,"TOR_20260906_1","B017",0
"TOR_20260906_1_PA022",6,0,0,0,NA,NA,NA,NA,"TOR_20260906_1","B013",0
"TOR_20260906_1_PA023",4,0,0,0,NA,NA,NA,NA,"TOR_20260906_1","B012",0
"TOR_20260906_1_PA024",5,0,0,0,NA,NA,NA,NA,"TOR_20260906_1","B005",0
"TOR_20260906_1_PA025",5,0,0,0,NA,NA,NA,NA,"TOR_20260906_1","B009",0
"TOR_20260906_1_PA026",2,0,0,0,NA,NA,NA,NA,"TOR_20260906_1","B002",0
"TOR_20260906_1_PA027",3,0,0,0,NA,NA,NA,NA,"TOR_20260906_1","B003",0
"TOR_20260906_1_PA028",2,0,0,0,NA,NA,NA,NA,"TOR_20260906_1","B004",0
"TOR_20260906_1_PA029",5,0,0,0,NA,NA,NA,NA,"TOR_20260906_1","B014",1
"TOR_20260906_1_PA030",7,0,0,0,NA,NA,NA,NA,"TOR_20260906_1","B017",1
"TOR_20260906_1_PA031",1,0,0,0,NA,NA,NA,NA,"TOR_20260906_1","B013",0
"TOR_20260906_1_PA032",7,0,0,0,NA,NA,NA,NA,"TOR_20260906_1","B012",0
"TOR_20260906_1_PA033",5,0,0,0,NA,NA,NA,NA,"TOR_20260906_1","B005",0
"TOR_20260906_1_PA034",2,0,0,0,NA,NA,NA,NA,"TOR_20260906_1","B008",0
"TOR_20260907_1_PA001",4,0,0,0,NA,NA,NA,NA,"TOR_20260907_1","B004",0
"TOR_20260907_1_PA002",4,0,0,0,NA,NA,NA,NA,"TOR_20260907_1","B009",0
"TOR_20260907_1_PA003",6,0,0,0,NA,NA,NA,NA,"TOR_20260907_1","B017",1
"TOR_20260907_1_PA004",2,0,0,0,NA,NA,NA,NA,"TOR_20260907_1","B001",0
"TOR_20260907_1_PA005",4,0,0,0,NA,NA,NA,NA,"TOR_20260907_1","B012",0
"TOR_20260907_1_PA006",3,0,0,0,NA,NA,NA,NA,"TOR_20260907_1","B014",0
"TOR_20260907_1_PA007",3,0,0,0,NA,NA,NA,NA,"TOR_20260907_1","B008",0
"TOR_20260907_1_PA008",2,0,0,0,NA,NA,NA,NA,"TOR_20260907_1","B002",0
"TOR_20260907_1_PA009",5,0,0,0,NA,NA,NA,NA,"TOR_20260907_1","B013",0
"TOR_20260907_1_PA010",2,0,0,0,NA,NA,NA,NA,"TOR_20260907_1","B004",0
"TOR_20260907_1_PA011",6,0,0,0,NA,NA,NA,NA,"TOR_20260907_1","B009",0
"TOR_20260907_1_PA012",4,0,0,0,NA,NA,NA,NA,"TOR_20260907_1","B017",0
"TOR_20260907_1_PA013",3,0,0,0,NA,NA,NA,NA,"TOR_20260907_1","B001",0
"TOR_20260907_1_PA014",3,0,0,0,NA,NA,NA,NA,"TOR_20260907_1","B012",0
"TOR_20260907_1_PA015",5,0,0,0,NA,NA,NA,NA,"TOR_20260907_1","B014",0
"TOR_20260907_1_PA016",4,0,0,0,NA,NA,NA,NA,"TOR_20260907_1","B008",0
"TOR_20260907_1_PA017",4,0,0,0,NA,NA,NA,NA,"TOR_20260907_1","B002",0
"TOR_20260907_1_PA018",3,0,0,0,NA,NA,NA,NA,"TOR_20260907_1","B013",0
"TOR_20260907_1_PA019",4,0,0,0,NA,NA,NA,NA,"TOR_20260907_1","B004",0
"TOR_20260907_1_PA020",1,0,0,0,NA,NA,NA,NA,"TOR_20260907_1","B009",0
"TOR_20260907_1_PA021",2,0,0,0,NA,NA,NA,NA,"TOR_20260907_1","B017",0
"TOR_20260907_1_PA022",5,0,0,0,NA,NA,NA,NA,"TOR_20260907_1","B001",0
"TOR_20260907_1_PA023",2,0,0,0,NA,NA,NA,NA,"TOR_20260907_1","B012",0
"TOR_20260907_1_PA024",4,0,0,0,NA,NA,NA,NA,"TOR_20260907_1","B014",0
"TOR_20260907_1_PA025",5,0,0,0,NA,NA,NA,NA,"TOR_20260907_1","B008",0
"TOR_20260907_1_PA026",3,0,0,0,NA,NA,NA,NA,"TOR_20260907_1","B002",0
"TOR_20260907_1_PA027",3,0,0,0,NA,NA,NA,NA,"TOR_20260907_1","B011",0
"TOR_20260907_1_PA028",5,0,0,0,NA,NA,NA,NA,"TOR_20260907_1","B004",1
"TOR_20260907_1_PA029",5,0,0,0,NA,NA,NA,NA,"TOR_20260907_1","B009",1
"TOR_20260907_1_PA030",4,0,0,0,NA,NA,NA,NA,"TOR_20260907_1","B017",0
"TOR_20260907_1_PA031",2,0,0,0,NA,NA,NA,NA,"TOR_20260907_1","B001",0
"TOR_20260907_1_PA032",6,0,0,0,NA,NA,NA,NA,"TOR_20260907_1","B012",0
"TOR_20260907_1_PA033",3,0,0,0,NA,NA,NA,NA,"TOR_20260907_1","B014",0
"TOR_20260907_1_PA034",3,0,0,0,NA,NA,NA,NA,"TOR_20260907_1","B008",0
"TOR_20260907_1_PA035",3,0,0,0,NA,NA,NA,NA,"TOR_20260907_1","B002",0
"TOR_20260907_1_PA036",4,0,0,0,NA,NA,NA,NA,"TOR_20260907_1","B011",0
"TOR_20260907_1_PA037",8,0,0,0,NA,NA,NA,NA,"TOR_20260907_1","B004",0
"TOR_20260907_1_PA038",4,0,0,0,NA,NA,NA,NA,"TOR_20260907_1","B009",1
"TOR_20260908_1_PA001",3,0,0,0,NA,NA,NA,NA,"TOR_20260908_1","B004",0
"TOR_20260908_1_PA002",4,0,0,0,NA,NA,NA,NA,"TOR_20260908_1","B014",0
"TOR_20260908_1_PA003",4,0,0,0,NA,NA,NA,NA,"TOR_20260908_1","B017",1
"TOR_20260908_1_PA004",5,0,0,0,NA,NA,NA,NA,"TOR_20260908_1","B001",1
"TOR_20260908_1_PA005",5,0,0,0,NA,NA,NA,NA,"TOR_20260908_1","B011",0
"TOR_20260908_1_PA006",4,0,0,0,NA,NA,NA,NA,"TOR_20260908_1","B012",0
"TOR_20260908_1_PA007",4,0,0,0,NA,NA,NA,NA,"TOR_20260908_1","B002",0
"TOR_20260908_1_PA008",3,0,0,0,NA,NA,NA,NA,"TOR_20260908_1","B010",0
"TOR_20260908_1_PA009",3,0,0,0,NA,NA,NA,NA,"TOR_20260908_1","B008",0
"TOR_20260908_1_PA010",5,0,0,0,NA,NA,NA,NA,"TOR_20260908_1","B004",0
"TOR_20260908_1_PA011",2,0,0,0,NA,NA,NA,NA,"TOR_20260908_1","B014",0
"TOR_20260908_1_PA012",2,0,0,0,NA,NA,NA,NA,"TOR_20260908_1","B017",0
"TOR_20260908_1_PA013",2,0,0,0,NA,NA,NA,NA,"TOR_20260908_1","B001",0
"TOR_20260908_1_PA014",4,0,0,0,NA,NA,NA,NA,"TOR_20260908_1","B011",0
"TOR_20260908_1_PA015",4,0,0,0,NA,NA,NA,NA,"TOR_20260908_1","B012",0
"TOR_20260908_1_PA016",6,0,0,0,NA,NA,NA,NA,"TOR_20260908_1","B002",0
"TOR_20260908_1_PA017",8,0,0,0,NA,NA,NA,NA,"TOR_20260908_1","B010",1
"TOR_20260908_1_PA018",2,0,0,0,NA,NA,NA,NA,"TOR_20260908_1","B008",0
"TOR_20260908_1_PA019",6,0,0,0,NA,NA,NA,NA,"TOR_20260908_1","B004",0
"TOR_20260908_1_PA020",6,0,0,0,NA,NA,NA,NA,"TOR_20260908_1","B014",0
"TOR_20260908_1_PA021",4,0,0,0,NA,NA,NA,NA,"TOR_20260908_1","B017",0
"TOR_20260908_1_PA022",7,0,0,0,NA,NA,NA,NA,"TOR_20260908_1","B001",0
"TOR_20260908_1_PA023",1,0,0,0,NA,NA,NA,NA,"TOR_20260908_1","B011",0
"TOR_20260908_1_PA024",5,0,0,0,NA,NA,NA,NA,"TOR_20260908_1","B012",0
"TOR_20260908_1_PA025",3,0,0,0,NA,NA,NA,NA,"TOR_20260908_1","B002",0
"TOR_20260908_1_PA026",8,0,0,0,NA,NA,NA,NA,"TOR_20260908_1","B010",0
"TOR_20260908_1_PA027",6,0,0,0,NA,NA,NA,NA,"TOR_20260908_1","B008",0
"TOR_20260908_1_PA028",4,0,0,0,NA,NA,NA,NA,"TOR_20260908_1","B004",1
"TOR_20260908_1_PA029",1,0,0,0,NA,NA,NA,NA,"TOR_20260908_1","B014",0
"TOR_20260908_1_PA030",3,0,0,0,NA,NA,NA,NA,"TOR_20260908_1","B017",0
"TOR_20260908_1_PA031",4,0,0,0,NA,NA,NA,NA,"TOR_20260908_1","B001",0
"TOR_20260908_1_PA032",9,0,0,0,NA,NA,NA,NA,"TOR_20260908_1","B011",1
"TOR_20260908_1_PA033",5,0,0,0,NA,NA,NA,NA,"TOR_20260908_1","B012",0
"TOR_20260908_1_PA034",5,0,0,0,NA,NA,NA,NA,"TOR_20260908_1","B002",0
"TOR_20260908_1_PA035",3,0,0,0,NA,NA,NA,NA,"TOR_20260908_1","B010",1
"TOR_20260908_1_PA036",1,0,0,0,NA,NA,NA,NA,"TOR_20260908_1","B008",0
"TOR_20260909_1_PA001",4,0,0,0,NA,NA,NA,NA,"TOR_20260909_1","B004",0
"TOR_20260909_1_PA002",6,0,0,0,NA,NA,NA,NA,"TOR_20260909_1","B005",1
"TOR_20260909_1_PA003",7,0,0,0,NA,NA,NA,NA,"TOR_20260909_1","B017",0
"TOR_20260909_1_PA004",2,0,0,0,NA,NA,NA,NA,"TOR_20260909_1","B001",0
"TOR_20260909_1_PA005",5,0,0,0,NA,NA,NA,NA,"TOR_20260909_1","B012",1
"TOR_20260909_1_PA006",4,0,0,0,NA,NA,NA,NA,"TOR_20260909_1","B002",0
"TOR_20260909_1_PA007",7,0,0,0,NA,NA,NA,NA,"TOR_20260909_1","B008",0
"TOR_20260909_1_PA008",5,0,0,0,NA,NA,NA,NA,"TOR_20260909_1","B003",0
"TOR_20260909_1_PA009",3,0,0,0,NA,NA,NA,NA,"TOR_20260909_1","B013",0
"TOR_20260909_1_PA010",2,0,0,0,NA,NA,NA,NA,"TOR_20260909_1","B004",0
"TOR_20260909_1_PA011",4,0,0,0,NA,NA,NA,NA,"TOR_20260909_1","B005",0
"TOR_20260909_1_PA012",2,0,0,0,NA,NA,NA,NA,"TOR_20260909_1","B017",0
"TOR_20260909_1_PA013",5,0,0,0,NA,NA,NA,NA,"TOR_20260909_1","B001",0
"TOR_20260909_1_PA014",6,0,0,0,NA,NA,NA,NA,"TOR_20260909_1","B012",1
"TOR_20260909_1_PA015",1,0,0,0,NA,NA,NA,NA,"TOR_20260909_1","B002",0
"TOR_20260909_1_PA016",1,0,0,0,NA,NA,NA,NA,"TOR_20260909_1","B008",0
"TOR_20260909_1_PA017",4,0,0,0,NA,NA,NA,NA,"TOR_20260909_1","B003",1
"TOR_20260909_1_PA018",5,0,0,0,NA,NA,NA,NA,"TOR_20260909_1","B013",1
"TOR_20260909_1_PA019",3,0,0,0,NA,NA,NA,NA,"TOR_20260909_1","B004",0
"TOR_20260909_1_PA020",3,0,0,0,NA,NA,NA,NA,"TOR_20260909_1","B014",0
"TOR_20260909_1_PA021",1,0,0,0,NA,NA,NA,NA,"TOR_20260909_1","B017",0
"TOR_20260909_1_PA022",5,0,0,0,NA,NA,NA,NA,"TOR_20260909_1","B001",0
"TOR_20260909_1_PA023",3,0,0,0,NA,NA,NA,NA,"TOR_20260909_1","B012",0
"TOR_20260909_1_PA024",3,0,0,0,NA,NA,NA,NA,"TOR_20260909_1","B002",0
"TOR_20260909_1_PA025",2,0,0,0,NA,NA,NA,NA,"TOR_20260909_1","B008",0
"TOR_20260909_1_PA026",4,0,0,0,NA,NA,NA,NA,"TOR_20260909_1","B003",1
"TOR_20260909_1_PA027",7,0,0,0,NA,NA,NA,NA,"TOR_20260909_1","B011",1
"TOR_20260909_1_PA028",1,0,0,0,NA,NA,NA,NA,"TOR_20260909_1","B004",0
"TOR_20260909_1_PA029",3,0,0,0,NA,NA,NA,NA,"TOR_20260909_1","B009",0
"TOR_20260909_1_PA030",6,0,0,0,NA,NA,NA,NA,"TOR_20260909_1","B017",0
"TOR_20260909_1_PA031",6,0,0,0,NA,NA,NA,NA,"TOR_20260909_1","B001",1
"TOR_20260909_1_PA032",7,0,0,0,NA,NA,NA,NA,"TOR_20260909_1","B012",1
"TOR_20260909_1_PA033",2,0,0,0,NA,NA,NA,NA,"TOR_20260909_1","B002",0
"TOR_20260909_1_PA034",1,0,0,0,NA,NA,NA,NA,"TOR_20260909_1","B008",0
"TOR_20260911_1_PA001",4,0,0,0,NA,NA,NA,NA,"TOR_20260911_1","B004",1
"TOR_20260911_1_PA002",1,0,0,0,NA,NA,NA,NA,"TOR_20260911_1","B009",0
"TOR_20260911_1_PA003",7,1,1,1,1,0,0,0,"TOR_20260911_1","B017",0
"TOR_20260911_1_PA004",5,0,0,0,NA,NA,NA,NA,"TOR_20260911_1","B001",0
"TOR_20260911_1_PA005",4,0,0,0,NA,NA,NA,NA,"TOR_20260911_1","B014",1
"TOR_20260911_1_PA006",4,0,0,0,NA,NA,NA,NA,"TOR_20260911_1","B012",0
"TOR_20260911_1_PA007",3,0,0,0,NA,NA,NA,NA,"TOR_20260911_1","B011",0
"TOR_20260911_1_PA008",6,0,0,0,NA,NA,NA,NA,"TOR_20260911_1","B002",0
"TOR_20260911_1_PA009",4,0,0,0,NA,NA,NA,NA,"TOR_20260911_1","B008",0
"TOR_20260911_1_PA010",6,0,0,0,NA,NA,NA,NA,"TOR_20260911_1","B004",0
"TOR_20260911_1_PA011",6,0,0,0,NA,NA,NA,NA,"TOR_20260911_1","B009",0
"TOR_20260911_1_PA012",4,0,0,0,NA,NA,NA,NA,"TOR_20260911_1","B017",1
"TOR_20260911_1_PA013",5,1,0,1,5,3,1,1,"TOR_20260911_1","B001",0
"TOR_20260911_1_PA014",2,0,0,0,NA,NA,NA,NA,"TOR_20260911_1","B014",0
"TOR_20260911_1_PA015",2,0,0,0,NA,NA,NA,NA,"TOR_20260911_1","B012",0
"TOR_20260911_1_PA016",3,0,0,0,NA,NA,NA,NA,"TOR_20260911_1","B011",1
"TOR_20260911_1_PA017",5,0,0,0,NA,NA,NA,NA,"TOR_20260911_1","B002",0
"TOR_20260911_1_PA018",2,0,0,0,NA,NA,NA,NA,"TOR_20260911_1","B008",0
"TOR_20260911_1_PA019",8,0,0,0,NA,NA,NA,NA,"TOR_20260911_1","B004",0
"TOR_20260911_1_PA020",1,0,0,0,NA,NA,NA,NA,"TOR_20260911_1","B009",0
"TOR_20260911_1_PA021",3,0,0,0,NA,NA,NA,NA,"TOR_20260911_1","B017",0
"TOR_20260911_1_PA022",5,0,0,0,NA,NA,NA,NA,"TOR_20260911_1","B001",1
"TOR_20260911_1_PA023",1,0,0,0,NA,NA,NA,NA,"TOR_20260911_1","B014",0
"TOR_20260911_1_PA024",5,0,0,0,NA,NA,NA,NA,"TOR_20260911_1","B012",0
"TOR_20260911_1_PA025",8,0,0,0,NA,NA,NA,NA,"TOR_20260911_1","B005",1
"TOR_20260911_1_PA026",3,0,0,0,NA,NA,NA,NA,"TOR_20260911_1","B002",0
"TOR_20260911_1_PA027",2,0,0,0,NA,NA,NA,NA,"TOR_20260911_1","B008",0
"TOR_20260911_1_PA028",2,0,0,0,NA,NA,NA,NA,"TOR_20260911_1","B004",0
"TOR_20260911_1_PA029",1,0,0,0,NA,NA,NA,NA,"TOR_20260911_1","B009",0
"TOR_20260911_1_PA030",4,0,0,0,NA,NA,NA,NA,"TOR_20260911_1","B017",1
"TOR_20260911_1_PA031",3,0,0,0,NA,NA,NA,NA,"TOR_20260911_1","B001",0
"TOR_20260911_1_PA032",2,0,0,0,NA,NA,NA,NA,"TOR_20260911_1","B014",0
"TOR_20260911_1_PA033",4,0,0,0,NA,NA,NA,NA,"TOR_20260911_1","B012",1
"TOR_20260911_1_PA034",6,0,0,0,NA,NA,NA,NA,"TOR_20260911_1","B005",1
"TOR_20260911_1_PA035",6,0,0,0,NA,NA,NA,NA,"TOR_20260911_1","B002",0
"TOR_20260911_1_PA036",2,0,0,0,NA,NA,NA,NA,"TOR_20260911_1","B008",0
"TOR_20260911_1_PA037",4,0,0,0,NA,NA,NA,NA,"TOR_20260911_1","B004",0
"TOR_20260911_1_PA038",6,0,0,0,NA,NA,NA,NA,"TOR_20260911_1","B009",0
"TOR_20260911_1_PA039",8,0,0,0,NA,NA,NA,NA,"TOR_20260911_1","B017",0
"TOR_20260911_1_PA040",6,0,0,0,NA,NA,NA,NA,"TOR_20260911_1","B001",0
"TOR_20260912_1_PA001",5,0,0,0,NA,NA,NA,NA,"TOR_20260912_1","B004",0
"TOR_20260912_1_PA002",2,0,0,0,NA,NA,NA,NA,"TOR_20260912_1","B009",0
"TOR_20260912_1_PA003",2,0,0,0,NA,NA,NA,NA,"TOR_20260912_1","B017",0
"TOR_20260912_1_PA004",2,0,0,0,NA,NA,NA,NA,"TOR_20260912_1","B001",0
"TOR_20260912_1_PA005",1,0,0,0,NA,NA,NA,NA,"TOR_20260912_1","B014",0
"TOR_20260912_1_PA006",6,0,0,0,NA,NA,NA,NA,"TOR_20260912_1","B012",0
"TOR_20260912_1_PA007",3,0,0,0,NA,NA,NA,NA,"TOR_20260912_1","B011",1
"TOR_20260912_1_PA008",1,0,0,0,NA,NA,NA,NA,"TOR_20260912_1","B002",0
"TOR_20260912_1_PA009",2,0,0,0,NA,NA,NA,NA,"TOR_20260912_1","B015",0
"TOR_20260912_1_PA010",3,0,0,0,NA,NA,NA,NA,"TOR_20260912_1","B004",0
"TOR_20260912_1_PA011",5,0,0,0,NA,NA,NA,NA,"TOR_20260912_1","B009",0
"TOR_20260912_1_PA012",5,0,0,0,NA,NA,NA,NA,"TOR_20260912_1","B017",1
"TOR_20260912_1_PA013",1,0,0,0,NA,NA,NA,NA,"TOR_20260912_1","B001",0
"TOR_20260912_1_PA014",6,0,0,0,NA,NA,NA,NA,"TOR_20260912_1","B014",0
"TOR_20260912_1_PA015",6,0,0,0,NA,NA,NA,NA,"TOR_20260912_1","B012",0
"TOR_20260912_1_PA016",3,0,0,0,NA,NA,NA,NA,"TOR_20260912_1","B011",0
"TOR_20260912_1_PA017",3,0,0,0,NA,NA,NA,NA,"TOR_20260912_1","B002",0
"TOR_20260912_1_PA018",3,0,0,0,NA,NA,NA,NA,"TOR_20260912_1","B015",1
"TOR_20260912_1_PA019",11,0,0,0,NA,NA,NA,NA,"TOR_20260912_1","B004",0
"TOR_20260912_1_PA020",6,0,0,0,NA,NA,NA,NA,"TOR_20260912_1","B009",1
"TOR_20260912_1_PA021",4,0,0,0,NA,NA,NA,NA,"TOR_20260912_1","B017",1
"TOR_20260912_1_PA022",4,0,0,0,NA,NA,NA,NA,"TOR_20260912_1","B001",1
"TOR_20260912_1_PA023",9,0,0,0,NA,NA,NA,NA,"TOR_20260912_1","B014",1
"TOR_20260912_1_PA024",1,0,0,0,NA,NA,NA,NA,"TOR_20260912_1","B012",0
"TOR_20260912_1_PA025",3,0,0,0,NA,NA,NA,NA,"TOR_20260912_1","B011",0
"TOR_20260912_1_PA026",3,0,0,0,NA,NA,NA,NA,"TOR_20260912_1","B002",0
"TOR_20260912_1_PA027",5,0,0,0,NA,NA,NA,NA,"TOR_20260912_1","B015",0
"TOR_20260912_1_PA028",6,0,0,0,NA,NA,NA,NA,"TOR_20260912_1","B004",1
"TOR_20260912_1_PA029",4,0,0,0,NA,NA,NA,NA,"TOR_20260912_1","B009",0
"TOR_20260912_1_PA030",4,0,0,0,NA,NA,NA,NA,"TOR_20260912_1","B017",0
"TOR_20260912_1_PA031",3,0,0,0,NA,NA,NA,NA,"TOR_20260912_1","B001",0
"TOR_20260912_1_PA032",7,0,0,0,NA,NA,NA,NA,"TOR_20260912_1","B014",0
"TOR_20260912_1_PA033",5,0,0,0,NA,NA,NA,NA,"TOR_20260912_1","B012",0
"TOR_20260912_1_PA034",2,0,0,0,NA,NA,NA,NA,"TOR_20260912_1","B008",0
"TOR_20260912_1_PA035",3,0,0,0,NA,NA,NA,NA,"TOR_20260912_1","B002",1
"TOR_20260912_1_PA036",9,0,0,0,NA,NA,NA,NA,"TOR_20260912_1","B015",0
"TOR_20260912_1_PA037",3,0,0,0,NA,NA,NA,NA,"TOR_20260912_1","B004",1
"TOR_20260912_1_PA038",1,0,0,0,NA,NA,NA,NA,"TOR_20260912_1","B009",0
"TOR_20260912_1_PA039",2,0,0,0,NA,NA,NA,NA,"TOR_20260912_1","B017",0
"TOR_20260913_1_PA001",4,0,0,0,NA,NA,NA,NA,"TOR_20260913_1","B004",0
"TOR_20260913_1_PA002",3,0,0,0,NA,NA,NA,NA,"TOR_20260913_1","B009",0
"TOR_20260913_1_PA003",3,0,0,0,NA,NA,NA,NA,"TOR_20260913_1","B017",0
"TOR_20260913_1_PA004",2,1,1,1,1,0,0,0,"TOR_20260913_1","B012",0
"TOR_20260913_1_PA005",2,0,0,0,NA,NA,NA,NA,"TOR_20260913_1","B005",0
"TOR_20260913_1_PA006",2,1,0,1,2,0,1,1,"TOR_20260913_1","B008",0
"TOR_20260913_1_PA007",6,1,0,1,3,0,2,0,"TOR_20260913_1","B002",0
"TOR_20260913_1_PA008",4,0,0,0,NA,NA,NA,NA,"TOR_20260913_1","B003",1
"TOR_20260913_1_PA009",3,0,0,0,NA,NA,NA,NA,"TOR_20260913_1","B013",0
"TOR_20260913_1_PA010",3,0,0,0,NA,NA,NA,NA,"TOR_20260913_1","B004",0
"TOR_20260913_1_PA011",5,0,0,0,NA,NA,NA,NA,"TOR_20260913_1","B009",1
"TOR_20260913_1_PA012",2,0,0,0,NA,NA,NA,NA,"TOR_20260913_1","B017",0
"TOR_20260913_1_PA013",6,0,0,0,NA,NA,NA,NA,"TOR_20260913_1","B012",0
"TOR_20260913_1_PA014",6,0,0,0,NA,NA,NA,NA,"TOR_20260913_1","B005",1
"TOR_20260913_1_PA015",4,0,0,0,NA,NA,NA,NA,"TOR_20260913_1","B008",0
"TOR_20260913_1_PA016",3,0,0,0,NA,NA,NA,NA,"TOR_20260913_1","B002",0
"TOR_20260913_1_PA017",3,0,0,0,NA,NA,NA,NA,"TOR_20260913_1","B003",1
"TOR_20260913_1_PA018",2,0,0,0,NA,NA,NA,NA,"TOR_20260913_1","B013",0
"TOR_20260913_1_PA019",5,0,0,0,NA,NA,NA,NA,"TOR_20260913_1","B004",1
"TOR_20260913_1_PA020",2,0,0,0,NA,NA,NA,NA,"TOR_20260913_1","B009",0
"TOR_20260913_1_PA021",6,0,0,0,NA,NA,NA,NA,"TOR_20260913_1","B017",0
"TOR_20260913_1_PA022",9,0,0,0,NA,NA,NA,NA,"TOR_20260913_1","B012",0
"TOR_20260913_1_PA023",3,0,0,0,NA,NA,NA,NA,"TOR_20260913_1","B005",0
"TOR_20260913_1_PA024",1,0,0,0,NA,NA,NA,NA,"TOR_20260913_1","B008",0
"TOR_20260913_1_PA025",2,0,0,0,NA,NA,NA,NA,"TOR_20260913_1","B002",0
"TOR_20260913_1_PA026",5,0,0,0,NA,NA,NA,NA,"TOR_20260913_1","B003",0
"TOR_20260913_1_PA027",3,0,0,0,NA,NA,NA,NA,"TOR_20260913_1","B013",0
"TOR_20260913_1_PA028",10,0,0,0,NA,NA,NA,NA,"TOR_20260913_1","B004",0
"TOR_20260913_1_PA029",4,0,0,0,NA,NA,NA,NA,"TOR_20260913_1","B009",0
"TOR_20260913_1_PA030",2,0,0,0,NA,NA,NA,NA,"TOR_20260913_1","B017",0
"TOR_20260913_1_PA031",2,0,0,0,NA,NA,NA,NA,"TOR_20260913_1","B012",0
"TOR_20260913_1_PA032",5,0,0,0,NA,NA,NA,NA,"TOR_20260913_1","B014",0
"TOR_20260913_1_PA033",3,0,0,0,NA,NA,NA,NA,"TOR_20260913_1","B008",0
"TOR_20260913_1_PA034",2,0,0,0,NA,NA,NA,NA,"TOR_20260913_1","B002",0
"TOR_20260913_1_PA035",8,0,0,0,NA,NA,NA,NA,"TOR_20260913_1","B003",0
"TOR_20260913_1_PA036",6,0,0,0,NA,NA,NA,NA,"TOR_20260913_1","B013",0
"TOR_20260913_1_PA037",6,1,0,1,5,2,2,0,"TOR_20260913_1","B004",0
"TOR_20260913_1_PA038",3,0,0,0,NA,NA,NA,NA,"TOR_20260913_1","B009",0
"TOR_20260913_1_PA039",5,0,0,0,NA,NA,NA,NA,"TOR_20260913_1","B017",1
