"omitted_game","pitches","games","risp_coefficient_secs","change_from_M2_secs"
"TOR_20260823_1",3747,26,0.586732045896707,-0.111706590204503
"TOR_20260815_1",3735,26,0.628915878639869,-0.0695227574613421
"TOR_20260902_1",3739,26,0.767280469537793,0.0688418334365829
"TOR_20260903_1",3694,26,0.764743408217997,0.0663047721167869
"TOR_20260907_1",3746,26,0.757383915282048,0.0589452791808369
"TOR_20260906_1",3751,26,0.755613927629877,0.0571752915286668
"TOR_20260822_1",3725,26,0.650486546170479,-0.0479520899307321
"TOR_20260821_1",3743,26,0.655148997794155,-0.0432896383070551
"TOR_20260814_1",3774,26,0.658329104033314,-0.0401095320678961
"TOR_20260830_1",3747,26,0.733412706022502,0.0349740699212913
"TOR_20260825_1",3741,26,0.730644911721658,0.0322062756204472
"TOR_20260905_1",3729,26,0.727111158210096,0.0286725221088853
"TOR_20260816_1",3756,26,0.714266393021726,0.0158277569205154
"TOR_20260820_1",3738,26,0.683275428758503,-0.0151632073427073
"TOR_20260913_1",3738,26,0.683488648446246,-0.0149499876549644
"TOR_20260826_1",3781,26,0.684545514012671,-0.0138931220885397
"TOR_20260909_1",3759,26,0.688853296444891,-0.00958533965631947
"TOR_20260911_1",3728,26,0.689224298742874,-0.00921433735833643
"TOR_20260829_1",3741,26,0.706393973555281,0.00795533745407084
"TOR_20260818_1",3737,26,0.691682692071138,-0.00675594403007274
"TOR_20260904_1",3752,26,0.704989405115976,0.00655076901476526
"TOR_20260828_1",3756,26,0.691981826350735,-0.00645680975047525
"TOR_20260827_1",3775,26,0.704676078971165,0.0062374428699542
"TOR_20260819_1",3743,26,0.701957172253602,0.00351853615239117
"TOR_20260901_1",3766,26,0.696153084884738,-0.00228555121647245
"TOR_20260908_1",3738,26,0.696928756952012,-0.00150987914919909
"TOR_20260912_1",3735,26,0.697788686899252,-0.000649949201958488
