game_order,game_id,game_date,Mean Routine Seconds,Prior 5 Win Rate,Prior 5 Mean Routine Seconds,Trailing 5 Win Rate,Trailing 5 Mean Routine Seconds,Prior Logged Win Streak
1,TOR_20260814_1,2026-08-14,12.756521739130434,,,,,0
2,TOR_20260815_1,2026-08-15,16.006493506493506,,,,,1
3,TOR_20260816_1,2026-08-16,14.609022556390977,,,,,2
4,TOR_20260818_1,2026-08-18,15.203947368421053,,,,,0
5,TOR_20260819_1,2026-08-19,14.54109589041096,,,0.6,14.623416212169385,1
6,TOR_20260820_1,2026-08-20,14.198675496688741,0.6,14.623416212169385,0.6,14.911846963681047,0
7,TOR_20260821_1,2026-08-21,15.232876712328768,0.6,14.911846963681047,0.4,14.7571236048481,1
8,TOR_20260822_1,2026-08-22,15.457317073170731,0.4,14.7571236048481,0.6,14.92678250820405,0
9,TOR_20260823_1,2026-08-23,15.338028169014084,0.6,14.92678250820405,0.4,14.953598668322655,1
10,TOR_20260825_1,2026-08-25,14.10135135135135,0.4,14.953598668322655,0.4,14.865649760510735,0
11,TOR_20260826_1,2026-08-26,12.518518518518519,0.4,14.865649760510735,0.4,14.529618364876692,0
12,TOR_20260827_1,2026-08-27,12.298245614035087,0.4,14.529618364876692,0.4,13.942692145217956,1
13,TOR_20260828_1,2026-08-28,13.25563909774436,0.4,13.942692145217956,0.4,13.50235655013268,0
14,TOR_20260829_1,2026-08-29,12.027027027027026,0.4,13.50235655013268,0.6,12.84015632173527,1
15,TOR_20260830_1,2026-08-30,15.04225352112676,0.6,12.84015632173527,0.8,13.02833675569035,2
16,TOR_20260901_1,2026-09-01,14.300813008130081,0.8,13.02833675569035,0.6,13.384795653612661,3
17,TOR_20260902_1,2026-09-02,14.02,0.6,13.384795653612661,0.8,13.729146530805645,0
18,TOR_20260903_1,2026-09-03,14.266666666666667,0.8,13.729146530805645,0.8,13.931352044590108,1
19,TOR_20260904_1,2026-09-04,14.554744525547445,0.8,13.931352044590108,0.8,14.436895544294192,2
20,TOR_20260905_1,2026-09-05,14.45625,0.8,14.436895544294192,0.8,14.31969484006884,3
21,TOR_20260906_1,2026-09-06,14.746376811594203,0.8,14.31969484006884,0.8,14.408807600761666,4
22,TOR_20260907_1,2026-09-07,14.34965034965035,0.8,14.408807600761666,0.6,14.474737670691733,0
23,TOR_20260908_1,2026-09-08,16.24503311258278,0.6,14.474737670691733,0.6,14.870410959874956,0
24,TOR_20260909_1,2026-09-09,15.053846153846154,0.6,14.870410959874956,0.4,14.970231285534698,1
25,TOR_20260911_1,2026-09-11,14.857142857142858,0.4,14.970231285534698,0.2,15.05040985696327,0
26,TOR_20260912_1,2026-09-12,13.123376623376624,0.2,15.05040985696327,0.4,14.725809819319755,0
27,TOR_20260913_1,2026-09-13,13.516556291390728,0.4,14.725809819319755,0.6,14.55919100766783,1
28,TOR_20260914_1,2026-09-14,15.164835164835164,0.6,14.55919100766783,0.4,14.343151418118305,2
29,TOR_20260915_1,2026-09-15,14.689655172413794,0.4,14.343151418118305,0.4,14.270313221831833,0
30,TOR_20260916_1,2026-09-16,14.420289855072463,0.4,14.270313221831833,0.6,14.182942621417755,0
31,TOR_20260918_1,2026-09-18,14.147058823529411,0.6,14.182942621417755,0.4,14.387679061448313,1
32,TOR_20260919_1,2026-09-19,14.637096774193548,0.4,14.387679061448313,0.2,14.611787158008877,0
33,TOR_20260920_1,2026-09-20,13.700680272108844,0.2,14.611787158008877,0.4,14.318956179463612,0
34,TOR_20260921_1,2026-09-21,13.661417322834646,0.4,14.318956179463612,0.4,14.113308609547781,1
35,TOR_20260923_1,2026-09-23,14.53968253968254,0.4,14.113308609547781,0.2,14.137187146469795,0
36,TOR_20260923_2,2026-09-23,12.992424242424242,0.2,14.137187146469795,0.2,13.906260230248765,0
37,TOR_20260925_1,2026-09-25,13.74,0.2,13.906260230248765,0.4,13.726840875410053,0
38,TOR_20260927_1,2026-09-27,12.950819672131148,0.4,13.726840875410053,0.2,13.576868755414518,1
39,TOR_20260927_2,2026-09-27,12.718518518518518,0.2,13.576868755414518,0.4,13.388288994551289,0
