batter_id,Games,Wins,Losses,Win Rate,Runs For,Runs Against,Run Differential,Pitch Count,Valid Pitch Count,Disrupted Valid Pitches,Valid Disruption Rate,Routine Eligible Pitches,Mean Routine Seconds,Tic Eligible Pitches,Mean Tics,Mean Game Routine Seconds,Mean Game Tics
B001,39,20,19,0.5128205128205128,166,151,15,546,546,7,0.01282051282051282,539,14.617810760667904,539,2.7291280148423005,14.190767907680119,1.429223338157808
B002,39,20,19,0.5128205128205128,166,151,15,381,381,5,0.013123359580052493,376,13.888297872340425,376,1.3324468085106382,14.190767907680119,1.429223338157808
B003,39,20,19,0.5128205128205128,166,151,15,204,204,1,0.004901960784313725,203,15.192118226600986,203,1.3349753694581281,14.190767907680119,1.429223338157808
B004,39,20,19,0.5128205128205128,166,151,15,625,625,8,0.0128,616,13.743506493506494,617,0.3095623987034036,14.190767907680119,1.429223338157808
B005,39,20,19,0.5128205128205128,166,151,15,255,255,4,0.01568627450980392,251,13.900398406374501,251,1.2270916334661355,14.190767907680119,1.429223338157808
B006,39,20,19,0.5128205128205128,166,151,15,74,74,0,0.0,74,9.621621621621621,74,1.527027027027027,14.190767907680119,1.429223338157808
B007,39,20,19,0.5128205128205128,166,151,15,96,96,2,0.020833333333333332,94,13.712765957446809,94,2.0319148936170213,14.190767907680119,1.429223338157808
B008,39,20,19,0.5128205128205128,166,151,15,416,416,7,0.016826923076923076,409,13.69682151589242,409,1.2004889975550121,14.190767907680119,1.429223338157808
B009,39,20,19,0.5128205128205128,166,151,15,466,459,5,0.010893246187363835,454,13.883259911894273,454,0.8149779735682819,14.190767907680119,1.429223338157808
B010,39,20,19,0.5128205128205128,166,151,15,151,151,2,0.013245033112582781,149,15.38255033557047,149,1.4093959731543624,14.190767907680119,1.429223338157808
B011,39,20,19,0.5128205128205128,166,151,15,299,299,6,0.020066889632107024,293,18.204778156996586,293,2.7235494880546076,14.190767907680119,1.429223338157808
B012,39,20,19,0.5128205128205128,166,151,15,646,646,4,0.006191950464396285,642,13.9797507788162,642,0.9937694704049844,14.190767907680119,1.429223338157808
B013,39,20,19,0.5128205128205128,166,151,15,374,374,4,0.0106951871657754,370,14.432432432432432,370,0.8783783783783784,14.190767907680119,1.429223338157808
B014,39,20,19,0.5128205128205128,166,151,15,517,517,7,0.013539651837524178,510,15.25294117647059,510,3.0137254901960784,14.190767907680119,1.429223338157808
B015,39,20,19,0.5128205128205128,166,151,15,19,19,0,0.0,19,8.157894736842104,19,1.0,14.190767907680119,1.429223338157808
B016,39,20,19,0.5128205128205128,166,151,15,115,115,0,0.0,112,4.625,112,0.0,14.190767907680119,1.429223338157808
B017,39,20,19,0.5128205128205128,166,151,15,450,450,8,0.017777777777777778,442,15.036199095022624,442,1.1266968325791855,14.190767907680119,1.429223338157808
