opponent,Games,Wins,Losses,Win Rate,Runs For,Runs Against,Run Differential,Pitch Count,Valid Pitch Count,Disrupted Valid Pitches,Valid Disruption Rate,Routine Eligible Pitches,Mean Routine Seconds,Tic Eligible Pitches,Mean Tics,Mean Game Routine Seconds,Mean Game Tics
Athletics,3,1,2,0.3333333333333333,9,10,-1,424,424,0,0.0,424,15.24056603773585,424,1.525943396226415,15.216176538693096,1.5226014603498046
Baltimore Orioles,6,2,4,0.3333333333333333,26,23,3,862,862,11,0.012761020881670533,851,13.790834312573443,851,1.4418331374853115,13.781766646141941,1.4562840255991132
Cincinnati Reds,3,2,1,0.6666666666666666,12,11,1,411,411,4,0.009732360097323601,407,13.164619164619165,407,1.4078624078624078,13.136446063549888,1.3958388990082982
Cleveland Guardians,3,2,1,0.6666666666666666,18,9,9,471,471,0,0.0,468,14.196581196581196,468,1.455128205128205,14.195826558265582,1.4692682926829266
Detroit Tigers,3,1,2,0.3333333333333333,11,17,-6,469,469,4,0.008528784648187633,465,14.795698924731182,465,1.4967741935483871,14.75826006410714,1.4830022717578941
Kansas City Royals,6,3,3,0.5,22,29,-7,809,809,4,0.004944375772558714,805,13.89192546583851,805,1.387577639751553,13.779247803507767,1.3973204905577044
New York Yankees,6,3,3,0.5,18,20,-2,874,874,19,0.021739130434782608,854,15.002341920374707,855,1.3321637426900585,14.90004329275475,1.3294504830099556
Seattle Mariners,3,3,0,1.0,19,4,15,435,435,12,0.027586206896551724,423,13.425531914893616,423,1.42080378250591,13.441639881966049,1.4235639059582723
Tampa Bay Rays,3,2,1,0.6666666666666666,21,13,8,468,461,12,0.026030368763557483,449,14.650334075723832,449,1.5902004454342984,14.647906251840253,1.5903030107701441
Texas Rangers,3,1,2,0.3333333333333333,10,15,-5,411,411,4,0.009732360097323601,407,14.135135135135135,407,1.3194103194103195,14.1616119566106,1.3292155571906181
