"game_id","game_order","game_date","win","prior5_win_rate","window_win_streak_before","streak_reset_observed_before_game"
"TOR_20260814_1",1,"2026-08-14",1,,0,0
"TOR_20260815_1",2,"2026-08-15",1,,1,0
"TOR_20260816_1",3,"2026-08-16",0,,2,0
"TOR_20260818_1",4,"2026-08-18",1,,0,1
"TOR_20260819_1",5,"2026-08-19",0,,1,1
"TOR_20260820_1",6,"2026-08-20",1,0.6,0,1
"TOR_20260821_1",7,"2026-08-21",0,0.6,1,1
"TOR_20260822_1",8,"2026-08-22",1,0.4,0,1
"TOR_20260823_1",9,"2026-08-23",0,0.6,1,1
"TOR_20260825_1",10,"2026-08-25",0,0.4,0,1
"TOR_20260826_1",11,"2026-08-26",1,0.4,0,1
"TOR_20260827_1",12,"2026-08-27",0,0.4,1,1
"TOR_20260828_1",13,"2026-08-28",1,0.4,0,1
"TOR_20260829_1",14,"2026-08-29",1,0.4,1,1
"TOR_20260830_1",15,"2026-08-30",1,0.6,2,1
"TOR_20260901_1",16,"2026-09-01",0,0.8,3,1
"TOR_20260902_1",17,"2026-09-02",1,0.6,0,1
"TOR_20260903_1",18,"2026-09-03",1,0.8,1,1
"TOR_20260904_1",19,"2026-09-04",1,0.8,2,1
"TOR_20260905_1",20,"2026-09-05",1,0.8,3,1
"TOR_20260906_1",21,"2026-09-06",0,0.8,4,1
"TOR_20260907_1",22,"2026-09-07",0,0.8,0,1
"TOR_20260908_1",23,"2026-09-08",1,0.6,0,1
"TOR_20260909_1",24,"2026-09-09",0,0.6,1,1
"TOR_20260911_1",25,"2026-09-11",0,0.4,0,1
"TOR_20260912_1",26,"2026-09-12",1,0.2,0,1
"TOR_20260913_1",27,"2026-09-13",1,0.4,1,1
"TOR_20260914_1",28,"2026-09-14",0,0.6,2,1
"TOR_20260915_1",29,"2026-09-15",0,0.4,0,1
"TOR_20260916_1",30,"2026-09-16",1,0.4,0,1
"TOR_20260918_1",31,"2026-09-18",0,0.6,1,1
"TOR_20260919_1",32,"2026-09-19",0,0.4,0,1
"TOR_20260920_1",33,"2026-09-20",1,0.2,0,1
"TOR_20260921_1",34,"2026-09-21",0,0.4,1,1
"TOR_20260923_1",35,"2026-09-23",0,0.4,0,1
"TOR_20260923_2",36,"2026-09-23",0,0.2,0,1
"TOR_20260925_1",37,"2026-09-25",1,0.2,0,1
"TOR_20260927_1",38,"2026-09-27",0,0.4,1,1
"TOR_20260927_2",39,"2026-09-27",1,0.2,0,1
