"pair_id","omitted_game_id","remaining_n","pearson_r","spearman_rho"
"A1","TOR_20260814_1",38,-0.100732724392578,-0.146387399514951
"A1","TOR_20260815_1",38,-0.191672507380496,-0.232779963163119
"A1","TOR_20260816_1",38,-0.124414846255338,-0.163412443539734
"A1","TOR_20260818_1",38,-0.164282694572752,-0.223180789424434
"A1","TOR_20260819_1",38,-0.126205732003276,-0.168218691879138
"A1","TOR_20260820_1",38,-0.135687653877943,-0.170385333861665
"A1","TOR_20260821_1",38,-0.108490356072929,-0.153799946860926
"A1","TOR_20260822_1",38,-0.17238503313641,-0.232779963163119
"A1","TOR_20260823_1",38,-0.105881007546203,-0.153799946860926
"A1","TOR_20260825_1",38,-0.13815143105651,-0.187443685236754
"A1","TOR_20260826_1",38,-0.095323982178893,-0.146387399514951
"A1","TOR_20260827_1",38,-0.197609782240051,-0.230699920291389
"A1","TOR_20260828_1",38,-0.112313885770079,-0.155986573253637
"A1","TOR_20260829_1",38,-0.0842719626741574,-0.141587812645609
"A1","TOR_20260830_1",38,-0.159330043302707,-0.213581615685749
"A1","TOR_20260901_1",38,-0.132652426658787,-0.177831188557946
"A1","TOR_20260902_1",38,-0.131059789719676,-0.160786160122979
"A1","TOR_20260903_1",38,-0.137478573971296,-0.170385333861665
"A1","TOR_20260904_1",38,-0.145269270720743,-0.189583681339035
"A1","TOR_20260905_1",38,-0.142566911707525,-0.17998450760035
"A1","TOR_20260906_1",38,-0.120831911123,-0.163412443539734
"A1","TOR_20260907_1",38,-0.13132723025788,-0.177831188557946
"A1","TOR_20260908_1",38,-0.2009531243311,-0.232779963163119
"A1","TOR_20260909_1",38,-0.112976033962203,-0.15860619520033
"A1","TOR_20260911_1",38,-0.117977253024849,-0.163412443539734
"A1","TOR_20260912_1",38,-0.109205931724919,-0.155986573253637
"A1","TOR_20260913_1",38,-0.118548068762644,-0.155986573253637
"A1","TOR_20260914_1",38,-0.110188404217292,-0.15860619520033
"A1","TOR_20260915_1",38,-0.122305500731985,-0.163412443539734
"A1","TOR_20260916_1",38,-0.141590595396991,-0.17998450760035
"A1","TOR_20260918_1",38,-0.136878499376406,-0.187443685236754
"A1","TOR_20260919_1",38,-0.123678434772556,-0.163412443539734
"A1","TOR_20260920_1",38,-0.123042654634073,-0.160786160122979
"A1","TOR_20260921_1",38,-0.150846375784827,-0.201862430254965
"A1","TOR_20260923_1",38,-0.126243134960926,-0.168218691879138
"A1","TOR_20260923_2",38,-0.172082943242815,-0.216281175273177
"A1","TOR_20260925_1",38,-0.124013891541513,-0.160786160122979
"A1","TOR_20260927_1",38,-0.173498976771313,-0.216281175273177
"A1","TOR_20260927_2",38,-0.0998652082515691,-0.146387399514951
"A2","TOR_20260814_1",38,-0.285690794009003,-0.25197831064049
"A2","TOR_20260815_1",38,-0.335209384754023,-0.319172526811287
"A2","TOR_20260816_1",38,-0.309170509154339,-0.283568652024832
"A2","TOR_20260818_1",38,-0.361486752228838,-0.333571287419315
"A2","TOR_20260819_1",38,-0.287986052901087,-0.264343658667216
"A2","TOR_20260820_1",38,-0.306709380143961,-0.285575418725889
"A2","TOR_20260821_1",38,-0.330832328757309,-0.307599893721852
"A2","TOR_20260822_1",38,-0.283004138748562,-0.25197831064049
"A2","TOR_20260823_1",38,-0.331771739284328,-0.307599893721852
"A2","TOR_20260825_1",38,-0.326119245156285,-0.302793645382448
"A2","TOR_20260826_1",38,-0.288387676070485,-0.25197831064049
"A2","TOR_20260827_1",38,-0.276406278949905,-0.249924913649005
"A2","TOR_20260828_1",38,-0.310549383325507,-0.290375005595231
"A2","TOR_20260829_1",38,-0.289685043631578,-0.25197831064049
"A2","TOR_20260830_1",38,-0.336133908907005,-0.319172526811287
"A2","TOR_20260901_1",38,-0.303599780409859,-0.278762403685428
"A2","TOR_20260902_1",38,-0.333052909933473,-0.319172526811287
"A2","TOR_20260903_1",38,-0.299395495888679,-0.271176658117861
"A2","TOR_20260904_1",38,-0.315554887909448,-0.299974179333917
"A2","TOR_20260905_1",38,-0.289778505885101,-0.25197831064049
"A2","TOR_20260906_1",38,-0.319344398255333,-0.297987397043044
"A2","TOR_20260907_1",38,-0.317187255491287,-0.29318114870364
"A2","TOR_20260908_1",38,-0.348295811397139,-0.328771700549973
"A2","TOR_20260909_1",38,-0.301208893741488,-0.278762403685428
"A2","TOR_20260911_1",38,-0.306323496100976,-0.283568652024832
"A2","TOR_20260912_1",38,-0.296409832055082,-0.261577484379175
"A2","TOR_20260913_1",38,-0.273993494313411,-0.25197831064049
"A2","TOR_20260914_1",38,-0.287283572219192,-0.264343658667216
"A2","TOR_20260915_1",38,-0.311280524786275,-0.288374900364236
"A2","TOR_20260916_1",38,-0.305129690502778,-0.275976244987203
"A2","TOR_20260918_1",38,-0.281041854882636,-0.259537410327813
"A2","TOR_20260919_1",38,-0.326389375202145,-0.302793645382448
"A2","TOR_20260920_1",38,-0.270580301071359,-0.25197831064049
"A2","TOR_20260921_1",38,-0.292812634262691,-0.278762403685428
"A2","TOR_20260923_1",38,-0.298410370401935,-0.278762403685428
"A2","TOR_20260923_2",38,-0.271956450799708,-0.249924913649005
"A2","TOR_20260925_1",38,-0.356773333169336,-0.333571287419315
"A2","TOR_20260927_1",38,-0.315943718001549,-0.29318114870364
"A2","TOR_20260927_2",38,-0.276899031243043,-0.25197831064049
"A3","TOR_20260820_1",33,0.500414932773158,0.523133433587035
"A3","TOR_20260821_1",33,0.492014585832424,0.51855535574346
"A3","TOR_20260822_1",33,0.537771857108255,0.569712570941093
"A3","TOR_20260823_1",33,0.492160472886315,0.51855535574346
"A3","TOR_20260825_1",33,0.500735107801794,0.503841744780623
"A3","TOR_20260826_1",33,0.497359865379001,0.515754553767091
"A3","TOR_20260827_1",33,0.500550535491258,0.515754553767091
"A3","TOR_20260828_1",33,0.493615252460884,0.506294381924896
"A3","TOR_20260829_1",33,0.506019591912326,0.515754553767091
"A3","TOR_20260830_1",33,0.492239528512193,0.51855535574346
"A3","TOR_20260901_1",33,0.511308255089379,0.54179790580267
"A3","TOR_20260902_1",33,0.503625260281228,0.527007191762368
"A3","TOR_20260903_1",33,0.51302756609168,0.54179790580267
"A3","TOR_20260904_1",33,0.499102536147072,0.52874253457851
"A3","TOR_20260905_1",33,0.503717375095521,0.53527022019059
"A3","TOR_20260906_1",33,0.490543717228816,0.515687163354349
"A3","TOR_20260907_1",33,0.508881930406804,0.54179790580267
"A3","TOR_20260908_1",33,0.502449363626826,0.514681597568127
"A3","TOR_20260909_1",33,0.492208184304767,0.51855535574346
"A3","TOR_20260911_1",33,0.517108494990921,0.550441850521807
"A3","TOR_20260912_1",33,0.475520019397265,0.492805149105431
"A3","TOR_20260913_1",33,0.494570927860559,0.506294381924896
"A3","TOR_20260914_1",33,0.492023378796974,0.51855535574346
"A3","TOR_20260915_1",33,0.512616735342394,0.543959880926228
"A3","TOR_20260916_1",33,0.506445862913562,0.530995941735072
"A3","TOR_20260918_1",33,0.501288607422841,0.523133433587035
"A3","TOR_20260919_1",33,0.511312483621598,0.543959880926228
"A3","TOR_20260920_1",33,0.498414005904328,0.502336480785837
"A3","TOR_20260921_1",33,0.49558316014181,0.506294381924896
"A3","TOR_20260923_1",33,0.509024688209352,0.53747791133065
"A3","TOR_20260923_2",33,0.470993587703107,0.492805149105431
"A3","TOR_20260925_1",33,0.50015275574346,0.502336480785837
"A3","TOR_20260927_1",33,0.493959156688711,0.512601163153026
"A3","TOR_20260927_2",33,0.462311840144842,0.489628038545296
"A4","TOR_20260820_1",33,0.112139186262497,0.136814095556084
"A4","TOR_20260821_1",33,0.12132714300228,0.152133048340356
"A4","TOR_20260822_1",33,0.0937688429044698,0.102835571692012
"A4","TOR_20260823_1",33,0.121875312136647,0.152133048340356
"A4","TOR_20260825_1",33,0.104062799923196,0.113872438841239
"A4","TOR_20260826_1",33,0.097533538931471,0.102835571692012
"A4","TOR_20260827_1",33,0.142543224006415,0.170107904792067
"A4","TOR_20260828_1",33,0.111457635575414,0.137172491711832
"A4","TOR_20260829_1",33,0.0984077565596539,0.102835571692012
"A4","TOR_20260830_1",33,0.0960584890939411,0.122375542357115
"A4","TOR_20260901_1",33,0.0968985970112518,0.121203243662141
"A4","TOR_20260902_1",33,0.0974101727983263,0.122375542357115
"A4","TOR_20260903_1",33,0.13555647669135,0.156311606819005
"A4","TOR_20260904_1",33,0.101962002639748,0.121203243662141
"A4","TOR_20260905_1",33,0.160972784354755,0.184186588621943
"A4","TOR_20260906_1",33,0.126288682651399,0.156311606819005
"A4","TOR_20260907_1",33,0.122482479568508,0.149783921206925
"A4","TOR_20260908_1",33,0.0912397274621939,0.122375542357115
"A4","TOR_20260909_1",33,0.103261851815137,0.130123058707782
"A4","TOR_20260911_1",33,0.11430871098295,0.137172491711832
"A4","TOR_20260912_1",33,0.088345489940331,0.0981374150797349
"A4","TOR_20260913_1",33,0.0866262195834837,0.105988962306077
"A4","TOR_20260914_1",33,0.0938398668052483,0.122375542357115
"A4","TOR_20260915_1",33,0.111383848173543,0.137172491711832
"A4","TOR_20260916_1",33,0.108200976037054,0.126836378032396
"A4","TOR_20260918_1",33,0.0892164524249823,0.122375542357115
"A4","TOR_20260919_1",33,0.103945738754518,0.113872438841239
"A4","TOR_20260920_1",33,0.00573252706301221,0.0610711252114897
"A4","TOR_20260921_1",33,0.124096432144307,0.153990574986845
"A4","TOR_20260923_1",33,0.119659208733741,0.153990574986845
"A4","TOR_20260923_2",33,0.226567806646147,0.22998750332535
"A4","TOR_20260925_1",33,0.193667786819632,0.226810392765215
"A4","TOR_20260927_1",33,0.108874737699635,0.133318347627974
"A4","TOR_20260927_2",33,0.0342090762209893,0.064248235771625
"A5","TOR_20260818_1",35,0.178938197897657,0.197062262831666
"A5","TOR_20260819_1",35,0.149219150890683,0.138255198825948
"A5","TOR_20260820_1",35,0.153405559484312,0.141350735255424
"A5","TOR_20260821_1",35,0.146389788419013,0.129575500244947
"A5","TOR_20260822_1",35,0.186496638848337,0.205963829221258
"A5","TOR_20260823_1",35,0.146155100408335,0.129575500244947
"A5","TOR_20260825_1",35,0.151235370667328,0.136899952060627
"A5","TOR_20260826_1",35,0.121069962973356,0.123547602476239
"A5","TOR_20260827_1",35,0.175403406955789,0.191108363399544
"A5","TOR_20260828_1",35,0.134054201514868,0.127998385671035
"A5","TOR_20260829_1",35,0.181032427934625,0.191108363399544
"A5","TOR_20260830_1",35,0.123360567052297,0.109761805526999
"A5","TOR_20260901_1",35,0.154081774553929,0.154783151947751
"A5","TOR_20260902_1",35,0.149455207345349,0.136899952060627
"A5","TOR_20260903_1",35,0.150950533937411,0.14615992431936
"A5","TOR_20260904_1",35,0.140658804076584,0.12875604705082
"A5","TOR_20260905_1",35,0.143046568287332,0.139834276105715
"A5","TOR_20260906_1",35,0.114883288862462,0.11197054451919
"A5","TOR_20260907_1",35,0.156863727634609,0.15316833201402
"A5","TOR_20260908_1",35,0.214206569886292,0.205963829221258
"A5","TOR_20260909_1",35,0.146910025117679,0.132055414125233
"A5","TOR_20260911_1",35,0.169406912252766,0.17941260533506
"A5","TOR_20260912_1",35,0.131603307555691,0.127998385671035
"A5","TOR_20260913_1",35,0.157538351497377,0.168634143859452
"A5","TOR_20260914_1",35,0.119103048450501,0.107737828971182
"A5","TOR_20260915_1",35,0.165098299848567,0.171585365923522
"A5","TOR_20260916_1",35,0.1585219064742,0.15316833201402
"A5","TOR_20260918_1",35,0.151815107597602,0.150654768227378
"A5","TOR_20260919_1",35,0.163782143777765,0.171585365923522
"A5","TOR_20260920_1",35,0.14274555242871,0.136899952060627
"A5","TOR_20260921_1",35,0.156042337762953,0.168634143859452
"A5","TOR_20260923_1",35,0.161385790817091,0.160535145577821
"A5","TOR_20260923_2",35,0.129231495703435,0.127998385671035
"A5","TOR_20260925_1",35,0.143549015368637,0.136899952060627
"A5","TOR_20260927_1",35,0.164545359776317,0.182118675583507
"A5","TOR_20260927_2",35,0.124436914790956,0.123547602476239
"A6","TOR_20260818_1",35,0.0616981544281015,0.104977093284158
"A6","TOR_20260819_1",35,0.0209868677530828,0.0430885036699702
"A6","TOR_20260820_1",35,0.0242608640359247,0.0600088354884589
"A6","TOR_20260821_1",35,0.0322827569225007,0.0824571365195114
"A6","TOR_20260822_1",35,-0.000206362016138374,0.0225608665391393
"A6","TOR_20260823_1",35,0.0324974905779604,0.0824571365195114
"A6","TOR_20260825_1",35,0.0168370316650713,0.0432800296873284
"A6","TOR_20260826_1",35,0.00641176109748182,0.0225608665391393
"A6","TOR_20260827_1",35,0.0168241229964209,0.0316189019736472
"A6","TOR_20260828_1",35,0.0274488708311007,0.0600088354884589
"A6","TOR_20260829_1",35,0.0344817204064964,0.0796672334041896
"A6","TOR_20260830_1",35,-0.00224452706693743,0.0253775521998593
"A6","TOR_20260901_1",35,0.0108492322054154,0.0417322783923515
"A6","TOR_20260902_1",35,0.0439891005286276,0.0828766525927565
"A6","TOR_20260903_1",35,0.0308665873474087,0.068972604795456
"A6","TOR_20260904_1",35,0.0217637105806408,0.0421921266635698
"A6","TOR_20260905_1",35,0.094336657730777,0.120525311476418
"A6","TOR_20260906_1",35,0.06484269312311,0.0901682131802655
"A6","TOR_20260907_1",35,0.0229639491866017,0.0555580522936627
"A6","TOR_20260908_1",35,0.0537999758240586,0.100526310089362
"A6","TOR_20260909_1",35,0.024909729893757,0.0500632614582748
"A6","TOR_20260911_1",35,0.0312774474906859,0.0600088354884589
"A6","TOR_20260912_1",35,0.014892794582765,0.0432800296873284
"A6","TOR_20260913_1",35,0.0435688850866952,0.093151765128245
"A6","TOR_20260914_1",35,-0.00782566977635424,0.0233535756440423
"A6","TOR_20260915_1",35,0.027348035359258,0.0600088354884589
"A6","TOR_20260916_1",35,0.0229072217707812,0.0555580522936627
"A6","TOR_20260918_1",35,0.0186121658108317,0.0406085897896842
"A6","TOR_20260919_1",35,0.0166598798649921,0.0432800296873284
"A6","TOR_20260920_1",35,-0.0223029723028278,0.0181100833443431
"A6","TOR_20260921_1",35,0.022490855593333,0.0455684175502563
"A6","TOR_20260923_1",35,0.0381412335996256,0.0784258693979603
"A6","TOR_20260923_2",35,0.0718955057012035,0.109427876478954
"A6","TOR_20260925_1",35,0.0589289184194624,0.104977093284158
"A6","TOR_20260927_1",35,0.0287464361485224,0.0632378039472945
"A6","TOR_20260927_2",35,-0.0092434516688961,0.0225608665391393
