"grouping","level","games","wins","win_rate","mean_runs_for","mean_runs_against","mean_run_differential","mean_game_routine_secs","mean_game_tics","mean_game_disruption_rate"
"result","L",19,0,0,2.42105263157895,5.94736842105263,-3.52631578947368,14.3269178518915,1.49405435291923,0.00910739298558735
"result","W",20,20,1,6,1.9,4.1,14.0614254606793,1.36763387413446,0.0154089460866394
"venue","Home",18,11,0.611111111111111,4.38888888888889,3.72222222222222,0.666666666666667,13.7664592825944,1.40274202347644,0.0152303102560516
"venue","Road",21,9,0.428571428571429,4.14285714285714,4,0.142857142857143,14.5544610148964,1.45192160788469,0.00986065732619139
"opponent","Athletics",3,1,0.333333333333333,3,3.33333333333333,-0.333333333333333,15.2161765386931,1.5226014603498,0
"opponent","Baltimore Orioles",6,2,0.333333333333333,4.33333333333333,3.83333333333333,0.5,13.7817666461419,1.45628402559911,0.0127398772329231
"opponent","Cincinnati Reds",3,2,0.666666666666667,4,3.66666666666667,0.333333333333333,13.1364460635499,1.3958388990083,0.00954697240470857
"opponent","Cleveland Guardians",3,2,0.666666666666667,6,3,3,14.1958265582656,1.46926829268293,0
"opponent","Detroit Tigers",3,1,0.333333333333333,3.66666666666667,5.66666666666667,-2,14.7582600641071,1.48300227175789,0.00815833579808735
"opponent","Kansas City Royals",6,3,0.5,3.66666666666667,4.83333333333333,-1.16666666666667,13.7792478035078,1.3973204905577,0.00580255626127186
"opponent","New York Yankees",6,3,0.5,3,3.33333333333333,-0.333333333333333,14.9000432927548,1.32945048300996,0.0216239962496545
"opponent","Seattle Mariners",3,3,1,6.33333333333333,1.33333333333333,5,13.441639881966,1.42356390595827,0.0266737457212391
"opponent","Tampa Bay Rays",3,2,0.666666666666667,7,4.33333333333333,2.66666666666667,14.6479062518403,1.59030301077014,0.0259292711862615
"opponent","Texas Rangers",3,1,0.333333333333333,3.33333333333333,5,-1.66666666666667,14.1616119566106,1.32921555719062,0.00976527822165406
