"pitch_id","pa_id","game_id","pa_sequence_valid","routine_source","tics_source","pitcher_disruption","routine_time_secs","total_tics","routine_primary_eligible","tics_primary_eligible"
"P00058","TOR_20260814_1_PA016","TOR_20260814_1",1,"Observed","Observed",1,30,2,0,0
"P00064","TOR_20260814_1_PA019","TOR_20260814_1",1,"Observed","Observed",1,18,0,0,0
"P00073","TOR_20260814_1_PA020","TOR_20260814_1",1,"Observed","Observed",1,91,0,0,0
"P00095","TOR_20260814_1_PA025","TOR_20260814_1",1,"Observed","Observed",1,111,0,0,0
"P00106","TOR_20260814_1_PA028","TOR_20260814_1",1,"Observed","Observed",1,114,2,0,0
"P00130","TOR_20260815_1_PA003","TOR_20260815_1",1,"Observed","Observed",1,40,2,0,0
"P00161","TOR_20260815_1_PA010","TOR_20260815_1",1,"Calculated","Observed",0,11.8,0,0,1
"P00162","TOR_20260815_1_PA011","TOR_20260815_1",1,"Observed","Observed",1,45,3,0,0
"P00195","TOR_20260815_1_PA017","TOR_20260815_1",1,"Observed","Observed",1,36,1,0,0
"P00347","TOR_20260816_1_PA020","TOR_20260816_1",1,"Observed","Observed",1,32,3,0,0
"P00436","TOR_20260818_1_PA008","TOR_20260818_1",1,"Observed","Observed",1,32,2,0,0
"P00442","TOR_20260818_1_PA010","TOR_20260818_1",1,"Observed","Observed",1,42,0,0,0
"P00480","TOR_20260818_1_PA019","TOR_20260818_1",1,"Observed","Observed",1,32,0,0,0
"P00486","TOR_20260818_1_PA020","TOR_20260818_1",1,"Observed","Observed",1,37,2,0,0
"P00568","TOR_20260818_1_PA048","TOR_20260818_1",1,"Observed","Observed",1,38,3,0,0
"P00611","TOR_20260819_1_PA012","TOR_20260819_1",1,"Observed","Observed",1,31,3,0,0
"P00622","TOR_20260819_1_PA014","TOR_20260819_1",1,"Observed","Observed",1,26,1,0,0
"P00646","TOR_20260819_1_PA021","TOR_20260819_1",1,"Observed","Observed",1,34,3,0,0
"P00745","TOR_20260820_1_PA007","TOR_20260820_1",1,"Observed","Observed",1,35,1,0,0
"P00830","TOR_20260820_1_PA029","TOR_20260820_1",1,"Observed","Observed",1,41,0,0,0
"P00835","TOR_20260820_1_PA029","TOR_20260820_1",1,"Observed","Observed",1,41,3,0,0
"P00836","TOR_20260820_1_PA030","TOR_20260820_1",0,"Observed","Observed",0,15,0,0,0
"P00837","TOR_20260820_1_PA030","TOR_20260820_1",0,"Observed","Observed",0,9,0,0,0
"P00838","TOR_20260820_1_PA030","TOR_20260820_1",0,"Observed","Observed",0,16,0,0,0
"P00839","TOR_20260820_1_PA030","TOR_20260820_1",0,"Observed","Observed",0,15,0,0,0
"P00840","TOR_20260820_1_PA030","TOR_20260820_1",0,"Observed","Observed",0,14,1,0,0
"P00841","TOR_20260820_1_PA030","TOR_20260820_1",0,"Observed","Observed",0,15,0,0,0
"P00842","TOR_20260820_1_PA030","TOR_20260820_1",0,"Observed","Observed",0,16,1,0,0
"P00853","TOR_20260820_1_PA032","TOR_20260820_1",1,"Observed","Observed",1,24,1,0,0
"P00948","TOR_20260821_1_PA018","TOR_20260821_1",1,"Observed","Observed",1,33,1,0,0
"P01039","TOR_20260822_1_PA003","TOR_20260822_1",1,"Observed","Observed",1,46,3,0,0
"P01075","TOR_20260822_1_PA011","TOR_20260822_1",1,"Observed","Observed",1,47,2,0,0
"P01107","TOR_20260822_1_PA019","TOR_20260822_1",1,"Observed","Observed",1,59,0,0,0
"P01156","TOR_20260822_1_PA033","TOR_20260822_1",1,"Observed","Observed",1,28,0,0,0
"P01163","TOR_20260822_1_PA034","TOR_20260822_1",1,"Observed","Observed",1,29,4,0,0
"P01171","TOR_20260822_1_PA038","TOR_20260822_1",1,"Observed","Observed",1,42,2,0,0
"P01174","TOR_20260822_1_PA038","TOR_20260822_1",1,"Observed","Observed",1,33,3,0,0
"P01220","TOR_20260823_1_PA005","TOR_20260823_1",1,"Observed","Observed",1,25,1,0,0
"P01273","TOR_20260823_1_PA017","TOR_20260823_1",1,"Observed","Observed",1,30,1,0,0
"P01591","TOR_20260826_1_PA028","TOR_20260826_1",1,"Observed","Observed",1,19,0,0,0
"P01613","TOR_20260827_1_PA004","TOR_20260827_1",1,"Observed","Observed",1,31,2,0,0
"P01683","TOR_20260827_1_PA026","TOR_20260827_1",1,"Observed","Observed",1,10,0,0,0
"P01715","TOR_20260827_1_PA035","TOR_20260827_1",1,"Observed","Observed",1,13,0,0,0
"P01819","TOR_20260828_1_PA031","TOR_20260828_1",1,"Observed","Observed",1,41,1,0,0
"P01896","TOR_20260829_1_PA010","TOR_20260829_1",1,"Observed","Observed",1,39,0,0,0
"P01897","TOR_20260829_1_PA010","TOR_20260829_1",1,"Observed","Observed",1,34,0,0,0
"P01902","TOR_20260829_1_PA011","TOR_20260829_1",1,"Observed","Observed",1,36,3,0,0
"P01953","TOR_20260829_1_PA022","TOR_20260829_1",1,"Observed","Observed",1,10,0,0,0
"P01954","TOR_20260829_1_PA023","TOR_20260829_1",1,"Observed","Observed",1,13,0,0,0
"P01973","TOR_20260829_1_PA027","TOR_20260829_1",1,"Observed","Observed",1,34,1,0,0
"P01985","TOR_20260829_1_PA030","TOR_20260829_1",1,"Observed","Observed",1,9,1,0,0
"P02012","TOR_20260830_1_PA002","TOR_20260830_1",1,"Observed","Observed",1,26,1,0,0
"P02031","TOR_20260830_1_PA006","TOR_20260830_1",1,"Observed","Observed",1,29,0,0,0
"P02066","TOR_20260830_1_PA014","TOR_20260830_1",1,"Observed","Observed",1,34,4,0,0
"P02082","TOR_20260830_1_PA020","TOR_20260830_1",1,"Observed","Observed",1,28,2,0,0
"P02408","TOR_20260902_1_PA039","TOR_20260902_1",1,"Missing","Missing",0,,,0,0
"P02409","TOR_20260902_1_PA039","TOR_20260902_1",1,"Missing","Missing",0,,,0,0
"P02410","TOR_20260902_1_PA039","TOR_20260902_1",1,"Missing","Missing",0,,,0,0
"P03487","TOR_20260911_1_PA003","TOR_20260911_1",1,"Observed","Observed",1,26,1,0,0
"P03540","TOR_20260911_1_PA013","TOR_20260911_1",1,"Observed","Observed",1,36,3,0,0
"P03809","TOR_20260913_1_PA004","TOR_20260913_1",1,"Observed","Observed",1,29,0,0,0
"P03814","TOR_20260913_1_PA006","TOR_20260913_1",1,"Observed","Observed",1,32,2,0,0
"P03817","TOR_20260913_1_PA007","TOR_20260913_1",1,"Observed","Observed",1,26,1,0,0
"P03944","TOR_20260913_1_PA037","TOR_20260913_1",1,"Observed","Observed",1,59,0,0,0
"P03991","TOR_20260914_1_PA009","TOR_20260914_1",1,"Observed","Observed",1,32,2,0,0
"P04101","TOR_20260914_1_PA032","TOR_20260914_1",1,"Observed","Observed",1,34,4,0,0
"P04158","TOR_20260915_1_PA007","TOR_20260915_1",1,"Observed","Observed",1,26,1,0,0
"P04256","TOR_20260915_1_PA029","TOR_20260915_1",1,"Observed","Observed",1,41,1,0,0
"P04587","TOR_20260919_1_PA007","TOR_20260919_1",1,"Observed","Observed",1,16,2,0,0
"P04683","TOR_20260919_1_PA034","TOR_20260919_1",1,"Observed","Observed",1,14,1,0,0
"P04797","TOR_20260920_1_PA033","TOR_20260920_1",1,"Observed","Observed",1,15,1,0,0
"P04803","TOR_20260920_1_PA036","TOR_20260920_1",1,"Observed","Observed",1,14,1,0,0
"P04858","TOR_20260921_1_PA007","TOR_20260921_1",1,"Observed","Observed",1,16,2,0,0
"P04980","TOR_20260923_1_PA004","TOR_20260923_1",1,"Observed","Observed",1,14,1,0,0
"P04991","TOR_20260923_1_PA005","TOR_20260923_1",1,"Observed","Observed",1,17,3,0,0
"P05099","TOR_20260923_2_PA002","TOR_20260923_2",1,"Observed","Observed",1,17,3,0,0
"P05154","TOR_20260923_2_PA016","TOR_20260923_2",1,"Observed","Observed",1,15,1,0,0
"P05360","TOR_20260925_1_PA036","TOR_20260925_1",1,"Observed","Observed",1,17,3,0,0
"P05363","TOR_20260925_1_PA037","TOR_20260925_1",1,"Observed","Observed",1,14,1,0,0
"P05411","TOR_20260927_1_PA010","TOR_20260927_1",1,"Observed","Observed",1,12,1,0,0
"P05539","TOR_20260927_2_PA008","TOR_20260927_2",1,"Observed","Observed",1,14,1,0,0
