"game_id","game_order","game_timestamp","game_date","game_on_date","home","opponent","result","win","runs_for","runs_against","run_differential","split","pitch_count","pa_count","routine_n","routine_mean_secs","routine_sd_secs","routine_cv","tic_n","tics_mean","disruption_count","disruption_rate","risp_rate","logged_offensive_innings","prior_5_win_rate","window_win_streak_before","disruption_coverage"
"TOR_20260814_1",1,"2026-08-14T00:00:00","2026-08-14",1,1,"New York Yankees","W",1,3,1,2,"Train",120,32,120,15.2583333333333,15.1903860757932,0.995546875529867,120,1.175,5,0.0416666666666667,0.158333333333333,8,,0,"Observed_User_Confirmed"
"TOR_20260815_1",2,"2026-08-15T00:00:00","2026-08-15",1,1,"New York Yankees","W",1,4,1,3,"Train",158,38,158,16.4417721518987,5.93210218471666,0.360794574326442,158,1.60759493670886,3,0.0189873417721519,0.436708860759494,8,,1,"Observed_User_Confirmed"
"TOR_20260816_1",3,"2026-08-16T00:00:00","2026-08-16",1,1,"New York Yankees","L",0,3,4,-1,"Train",134,37,134,14.7388059701493,3.80922723100207,0.258448834913558,134,1.45522388059702,1,0.00746268656716418,0.246268656716418,10,,2,"Observed_User_Confirmed"
"TOR_20260818_1",4,"2026-08-18T00:00:00","2026-08-18",1,0,"Tampa Bay Rays","W",1,10,5,5,"Train",157,48,157,15.8726114649682,5.17479854017586,0.326020614288768,157,1.73248407643312,5,0.0318471337579618,0.292993630573248,9,,0,"Observed_User_Confirmed"
"TOR_20260819_1",5,"2026-08-19T00:00:00","2026-08-19",1,0,"Tampa Bay Rays","L",0,6,7,-1,"Train",149,39,149,14.8590604026846,3.34304468409269,0.224983585334151,149,1.64429530201342,3,0.0201342281879195,0.161073825503356,9,,1,"Observed_User_Confirmed"
"TOR_20260820_1",6,"2026-08-20T00:00:00","2026-08-20",1,0,"Tampa Bay Rays","W",1,5,1,4,"Train",162,40,162,14.7222222222222,4.29393621270249,0.291663591806207,162,1.34567901234568,4,0.0246913580246914,0.351851851851852,9,0.6,0,"Observed_User_Confirmed"
"TOR_20260821_1",7,"2026-08-21T00:00:00","2026-08-21",1,0,"New York Yankees","L",0,1,3,-2,"Train",147,37,147,15.3537414965986,3.5108495656243,0.228664105514742,147,1.29251700680272,1,0.00680272108843537,0.448979591836735,9,0.6,1,"Observed_User_Confirmed"
"TOR_20260822_1",8,"2026-08-22T00:00:00","2026-08-22",1,0,"New York Yankees","W",1,4,3,1,"Train",171,43,171,16.4853801169591,6.5550669446451,0.397629105191313,171,1.19298245614035,7,0.0409356725146199,0.39766081871345,9,0.4,0,"Observed_User_Confirmed"
"TOR_20260823_1",9,"2026-08-23T00:00:00","2026-08-23",1,0,"New York Yankees","L",0,3,8,-5,"Train",144,35,144,15.5069444444444,3.65658048018648,0.235802771673468,144,1.28472222222222,2,0.0138888888888889,0.381944444444444,9,0.6,1,"Observed_User_Confirmed"
"TOR_20260825_1",10,"2026-08-25T00:00:00","2026-08-25",1,1,"Kansas City Royals","L",0,3,5,-2,"Train",148,38,148,14.1013513513514,3.56998040137318,0.253165835842468,148,1.32432432432432,0,0,0.371621621621622,9,0.4,0,"Observed_User_Confirmed"
"TOR_20260826_1",11,"2026-08-26T00:00:00","2026-08-26",1,1,"Kansas City Royals","W",1,3,0,3,"Train",109,31,109,12.5779816513761,3.19517453873705,0.25402919381644,109,1.21100917431193,1,0.00917431192660551,0.174311926605505,8,0.4,0,"Observed_User_Confirmed"
"TOR_20260827_1",12,"2026-08-27T00:00:00","2026-08-27",1,1,"Kansas City Royals","L",0,2,13,-11,"Train",117,35,117,12.4444444444444,4.32204542182894,0.347307221396968,117,1.73504273504274,3,0.0256410256410256,0.111111111111111,9,0.4,1,"Observed_User_Confirmed"
"TOR_20260828_1",13,"2026-08-28T00:00:00","2026-08-28",1,1,"Seattle Mariners","W",1,8,1,7,"Train",134,38,134,13.4626865671642,3.63081365064125,0.269694583805947,134,1.42537313432836,1,0.00746268656716418,0.283582089552239,8,0.4,0,"Observed_User_Confirmed"
"TOR_20260829_1",14,"2026-08-29T00:00:00","2026-08-29",1,1,"Seattle Mariners","W",1,4,3,1,"Train",155,36,155,12.6129032258065,4.67986443467517,0.371037845204426,155,1.21290322580645,7,0.0451612903225806,0.361290322580645,8,0.4,1,"Observed_User_Confirmed"
"TOR_20260830_1",15,"2026-08-30T00:00:00","2026-08-30",1,1,"Seattle Mariners","W",1,7,0,7,"Train",146,38,146,15.4315068493151,3.67640666814866,0.238240290079762,146,1.60958904109589,4,0.0273972602739726,0.328767123287671,8,0.6,2,"Observed_User_Confirmed"
"TOR_20260901_1",16,"2026-09-01T00:00:00","2026-09-01",1,0,"Cleveland Guardians","L",0,1,6,-5,"Train",123,32,123,14.3008130081301,4.70251930970943,0.328828809035964,123,1.48780487804878,0,0,0.130081300813008,9,0.8,3,"Observed_User_Confirmed"
"TOR_20260902_1",17,"2026-09-02T00:00:00","2026-09-02",1,0,"Cleveland Guardians","W",1,11,0,11,"Train",153,44,150,14.02,4.51019724564579,0.321697378434079,150,1.58666666666667,0,0,0.372549019607843,9,0.6,0,"Observed_User_Confirmed"
"TOR_20260903_1",18,"2026-09-03T00:00:00","2026-09-03",1,0,"Cleveland Guardians","W",1,6,3,3,"Train",195,44,195,14.2666666666667,6.96387339388419,0.488121966861041,195,1.33333333333333,0,0,0.220512820512821,9,0.8,1,"Observed_User_Confirmed"
"TOR_20260904_1",19,"2026-09-04T00:00:00","2026-09-04",1,0,"Kansas City Royals","W",1,9,2,7,"Train",137,43,137,14.5547445255474,5.2635255854479,0.361636411838697,137,1.46715328467153,0,0,0.284671532846715,9,0.8,2,"Observed_User_Confirmed"
"TOR_20260905_1",20,"2026-09-05T00:00:00","2026-09-05",1,0,"Kansas City Royals","W",1,4,3,1,"Train",160,42,160,14.45625,4.78972547499188,0.331325584089365,160,1.2375,0,0,0.2375,9,0.8,3,"Observed_User_Confirmed"
"TOR_20260906_1",21,"2026-09-06T00:00:00","2026-09-06",1,0,"Kansas City Royals","L",0,1,6,-5,"Train",138,34,138,14.7463768115942,6.17158735061894,0.418515505840498,138,1.3695652173913,0,0,0.173913043478261,9,0.8,4,"Observed_User_Confirmed"
"TOR_20260907_1",22,"2026-09-07T00:00:00","2026-09-07",1,0,"Athletics","L",0,5,6,-1,"Train",143,38,143,14.3496503496504,5.07029285102877,0.353339121684754,143,1.38461538461538,0,0,0.167832167832168,9,0.8,0,"Observed_User_Confirmed"
"TOR_20260908_1",23,"2026-09-08T00:00:00","2026-09-08",1,0,"Athletics","W",1,4,2,2,"Train",151,36,151,16.2450331125828,6.59693553848272,0.406089386999955,151,1.67549668874172,0,0,0.145695364238411,9,0.6,0,"Observed_User_Confirmed"
"TOR_20260909_1",24,"2026-09-09T00:00:00","2026-09-09",1,0,"Athletics","L",0,0,2,-2,"Train",130,34,130,15.0538461538462,5.51574425665567,0.366400998142687,130,1.50769230769231,0,0,0.0692307692307692,9,0.6,1,"Observed_User_Confirmed"
"TOR_20260911_1",25,"2026-09-11T00:00:00","2026-09-11",1,1,"Baltimore Orioles","L",0,4,7,-3,"Train",163,40,163,15.0552147239264,4.88415368377117,0.324416075979911,163,1.47239263803681,2,0.0122699386503067,0.294478527607362,9,0.4,0,"Observed_User_Confirmed"
"TOR_20260912_1",26,"2026-09-12T00:00:00","2026-09-12",1,1,"Baltimore Orioles","W",1,7,3,4,"Train",154,39,154,13.1233766233766,4.39745607100781,0.335085717434539,154,1.30519480519481,0,0,0.220779220779221,8,0.2,0,"Observed_User_Confirmed"
"TOR_20260913_1",27,"2026-09-13T00:00:00","2026-09-13",1,1,"Baltimore Orioles","W",1,8,1,7,"Train",155,39,155,14.1096774193548,5.94189149771272,0.421121711086178,155,1.01935483870968,4,0.0258064516129032,0.264516129032258,8,0.4,1,"Observed_User_Confirmed"
"TOR_20260914_1",28,"2026-09-14T00:00:00","2026-09-14",1,1,"Detroit Tigers","L",0,5,6,-1,"Validation",184,40,184,15.3586956521739,5.36245095610141,0.349147549866476,184,1.65217391304348,2,0.0108695652173913,0.342391304347826,9,0.6,2,"Observed_User_Confirmed"
"TOR_20260915_1",29,"2026-09-15T00:00:00","2026-09-15",1,1,"Detroit Tigers","L",0,1,10,-9,"Validation",147,36,147,14.9455782312925,5.73475622360536,0.383709223882562,147,1.42176870748299,2,0.0136054421768707,0.142857142857143,9,0.4,0,"Observed_User_Confirmed"
"TOR_20260916_1",30,"2026-09-16T00:00:00","2026-09-16",1,1,"Detroit Tigers","W",1,5,1,4,"Validation",138,36,138,14.4202898550725,3.94082431297511,0.273283294065611,138,1.38405797101449,0,0,0.355072463768116,8,0.4,0,"Observed_User_Confirmed"
"TOR_20260918_1",31,"2026-09-18T00:00:00","2026-09-18",1,0,"Texas Rangers","L",0,1,7,-6,"Validation",136,34,136,14.1470588235294,5.06773294593637,0.358218129234588,136,1.70588235294118,0,0,0.191176470588235,9,0.6,1,"Observed_User_Confirmed"
"TOR_20260919_1",32,"2026-09-19T00:00:00","2026-09-19",1,0,"Texas Rangers","L",0,2,6,-4,"Validation",126,34,126,14.6428571428571,1.59230291446966,0.108742638061343,126,1.32539682539683,2,0.0158730158730159,0.0952380952380952,9,0.4,0,"Observed_User_Confirmed"
"TOR_20260920_1",33,"2026-09-20T00:00:00","2026-09-20",1,0,"Texas Rangers","W",1,7,2,5,"Validation",149,43,149,13.7114093959732,3.29064049875906,0.239992870443025,149,0.959731543624161,2,0.0134228187919463,0.36241610738255,9,0.2,0,"Observed_User_Confirmed"
"TOR_20260921_1",34,"2026-09-21T00:00:00","2026-09-21",1,0,"Baltimore Orioles","L",0,3,4,-1,"Test",128,34,128,13.6796875,4.02733493432423,0.294402553737008,128,1.5859375,1,0.0078125,0.15625,9,0.4,1,"Observed_User_Confirmed"
"TOR_20260923_1",35,"2026-09-23T00:00:00","2026-09-23",1,0,"Baltimore Orioles","L",0,2,4,-2,"Test",128,34,128,14.5546875,2.51549088445253,0.172830291578059,128,1.5390625,2,0.015625,0.2734375,9,0.4,0,"Observed_User_Confirmed"
"TOR_20260923_2",36,"2026-09-23T12:00:00","2026-09-23",2,0,"Baltimore Orioles","L",0,2,4,-2,"Test",134,34,134,13.0373134328358,4.10465848756233,0.314839288685376,134,1.82835820895522,2,0.0149253731343284,0.126865671641791,9,0.2,0,"Observed_User_Confirmed"
"TOR_20260925_1",37,"2026-09-25T00:00:00","2026-09-25",1,1,"Cincinnati Reds","W",1,6,5,1,"Test",152,40,152,13.7631578947368,2.3381003272886,0.169881094525749,152,1.72368421052632,2,0.0131578947368421,0.394736842105263,8,0.2,0,"Observed_User_Confirmed"
"TOR_20260927_1",38,"2026-09-27T00:00:00","2026-09-27",1,1,"Cincinnati Reds","L",0,1,5,-4,"Test",123,34,123,12.9430894308943,4.10377837298258,0.317063278817121,123,1.39024390243902,1,0.00813008130081301,0.219512195121951,9,0.4,1,"Observed_User_Confirmed"
"TOR_20260927_2",39,"2026-09-27T12:00:00","2026-09-27",2,1,"Cincinnati Reds","W",1,5,1,4,"Test",136,32,136,12.7279411764706,3.37850923022809,0.265440355465638,136,1.07352941176471,1,0.00735294117647059,0.191176470588235,8,0.2,0,"Observed_User_Confirmed"
