"game_id","game_order","game_date","game_on_date","home","opponent","result","win","runs_for","runs_against","run_differential","split","logged_offensive_innings","disruption_coverage","all_pitch_n","all_pa_n","valid_pitch_n","valid_pa_n","invalid_pa_pitch_n","calculated_routine_n","missing_routine_n","missing_tics_n","routine_observed_n","routine_observed_mean_secs","routine_undisrupted_n","routine_undisrupted_mean_secs","routine_undisrupted_sd_secs","routine_undisrupted_cv","tics_observed_n","tics_observed_mean","tics_undisrupted_n","tics_undisrupted_mean","valid_disruption_count","valid_disruption_rate","valid_risp_rate","venue","prior5_win_rate","prior5_routine_undisrupted_mean_secs","trailing5_win_rate","trailing5_routine_undisrupted_mean_secs","window_win_streak_before"
"TOR_20260814_1",1,"2026-08-14",1,1,"New York Yankees","W",1,3,1,2,"Train",8,"Observed_User_Confirmed",120,32,120,32,0,0,0,0,120,15.2583333333333,115,12.7565217391304,4.04056471723599,0.316745018733565,120,1.175,115,1.19130434782609,5,0.0416666666666667,0.158333333333333,"Home",,,,,0
"TOR_20260815_1",2,"2026-08-15",1,1,"New York Yankees","W",1,4,1,3,"Train",8,"Observed_User_Confirmed",158,38,158,38,0,1,0,0,157,16.4713375796178,154,16.0064935064935,4.93155340604658,0.308097048491348,158,1.60759493670886,155,1.6,3,0.0189873417721519,0.436708860759494,"Home",,,,,1
"TOR_20260816_1",3,"2026-08-16",1,1,"New York Yankees","L",0,3,4,-1,"Train",10,"Observed_User_Confirmed",134,37,134,37,0,0,0,0,134,14.7388059701493,133,14.609022556391,3.51368447399887,0.240514686074035,134,1.45522388059702,133,1.44360902255639,1,0.00746268656716418,0.246268656716418,"Home",,,,,2
"TOR_20260818_1",4,"2026-08-18",1,0,"Tampa Bay Rays","W",1,10,5,5,"Train",9,"Observed_User_Confirmed",157,48,157,48,0,0,0,0,157,15.8726114649682,152,15.2039473684211,3.61259536098975,0.237609041484397,157,1.73248407643312,152,1.74342105263158,5,0.0318471337579618,0.292993630573248,"Road",,,,,0
"TOR_20260819_1",5,"2026-08-19",1,0,"Tampa Bay Rays","L",0,6,7,-1,"Train",9,"Observed_User_Confirmed",149,39,149,39,0,0,0,0,149,14.8590604026846,146,14.541095890411,2.47505266353937,0.170210875589613,149,1.64429530201342,146,1.63013698630137,3,0.0201342281879195,0.161073825503356,"Road",,,0.6,14.6234162121694,1
"TOR_20260820_1",6,"2026-08-20",1,0,"Tampa Bay Rays","W",1,5,1,4,"Train",9,"Observed_User_Confirmed",162,40,155,39,7,0,0,0,155,14.741935483871,151,14.1986754966887,2.59748562408513,0.182938586397787,155,1.39354838709677,151,1.39735099337748,4,0.0258064516129032,0.32258064516129,"Road",0.6,14.6234162121694,0.6,14.911846963681,0
"TOR_20260821_1",7,"2026-08-21",1,0,"New York Yankees","L",0,1,3,-2,"Train",9,"Observed_User_Confirmed",147,37,147,37,0,0,0,0,147,15.3537414965986,146,15.2328767123288,3.20138137402227,0.210162626172325,147,1.29251700680272,146,1.29452054794521,1,0.00680272108843537,0.448979591836735,"Road",0.6,14.911846963681,0.4,14.7571236048481,1
"TOR_20260822_1",8,"2026-08-22",1,0,"New York Yankees","W",1,4,3,1,"Train",9,"Observed_User_Confirmed",171,43,171,43,0,0,0,0,171,16.4853801169591,164,15.4573170731707,3.76348391289926,0.243475882333522,171,1.19298245614035,164,1.15853658536585,7,0.0409356725146199,0.39766081871345,"Road",0.4,14.7571236048481,0.6,14.9267825082041,0
"TOR_20260823_1",9,"2026-08-23",1,0,"New York Yankees","L",0,3,8,-5,"Train",9,"Observed_User_Confirmed",144,35,144,35,0,0,0,0,144,15.5069444444444,142,15.3380281690141,3.37678205947838,0.220157508010069,144,1.28472222222222,142,1.2887323943662,2,0.0138888888888889,0.381944444444444,"Road",0.6,14.9267825082041,0.4,14.9535986683227,1
"TOR_20260825_1",10,"2026-08-25",1,1,"Kansas City Royals","L",0,3,5,-2,"Train",9,"Observed_User_Confirmed",148,38,148,38,0,0,0,0,148,14.1013513513514,148,14.1013513513514,3.56998040137318,0.253165835842468,148,1.32432432432432,148,1.32432432432432,0,0,0.371621621621622,"Home",0.4,14.9535986683227,0.4,14.8656497605107,0
"TOR_20260826_1",11,"2026-08-26",1,1,"Kansas City Royals","W",1,3,0,3,"Train",8,"Observed_User_Confirmed",109,31,109,31,0,0,0,0,109,12.5779816513761,108,12.5185185185185,3.14889531581065,0.25153897493162,109,1.21100917431193,108,1.22222222222222,1,0.00917431192660551,0.174311926605505,"Home",0.4,14.8656497605107,0.4,14.5296183648767,0
"TOR_20260827_1",12,"2026-08-27",1,1,"Kansas City Royals","L",0,2,13,-11,"Train",9,"Observed_User_Confirmed",117,35,117,35,0,0,0,0,117,12.4444444444444,114,12.2982456140351,4.00647666934075,0.32577627696494,117,1.73504273504274,114,1.76315789473684,3,0.0256410256410256,0.111111111111111,"Home",0.4,14.5296183648767,0.4,13.942692145218,1
"TOR_20260828_1",13,"2026-08-28",1,1,"Seattle Mariners","W",1,8,1,7,"Train",8,"Observed_User_Confirmed",134,38,134,38,0,0,0,0,134,13.4626865671642,133,13.2556390977444,2.73765586338725,0.206527640289565,134,1.42537313432836,133,1.42857142857143,1,0.00746268656716418,0.283582089552239,"Home",0.4,13.942692145218,0.4,13.5023565501327,0
"TOR_20260829_1",14,"2026-08-29",1,1,"Seattle Mariners","W",1,4,3,1,"Train",8,"Observed_User_Confirmed",155,36,155,36,0,0,0,0,155,12.6129032258065,148,12.027027027027,2.78954790169719,0.231939937893924,155,1.21290322580645,148,1.23648648648649,7,0.0451612903225806,0.361290322580645,"Home",0.4,13.5023565501327,0.6,12.8401563217353,1
"TOR_20260830_1",15,"2026-08-30",1,1,"Seattle Mariners","W",1,7,0,7,"Train",8,"Observed_User_Confirmed",146,38,146,38,0,0,0,0,146,15.4315068493151,142,15.0422535211268,2.84311595978833,0.189008645266827,146,1.60958904109589,142,1.6056338028169,4,0.0273972602739726,0.328767123287671,"Home",0.6,12.8401563217353,0.8,13.0283367556904,2
"TOR_20260901_1",16,"2026-09-01",1,0,"Cleveland Guardians","L",0,1,6,-5,"Train",9,"Observed_User_Confirmed",123,32,123,32,0,0,0,0,123,14.3008130081301,123,14.3008130081301,4.70251930970943,0.328828809035964,123,1.48780487804878,123,1.48780487804878,0,0,0.130081300813008,"Road",0.8,13.0283367556904,0.6,13.3847956536127,3
"TOR_20260902_1",17,"2026-09-02",1,0,"Cleveland Guardians","W",1,11,0,11,"Train",9,"Observed_User_Confirmed",153,44,153,44,0,0,3,3,150,14.02,150,14.02,4.51019724564579,0.321697378434079,150,1.58666666666667,150,1.58666666666667,0,0,0.372549019607843,"Road",0.6,13.3847956536127,0.8,13.7291465308056,0
"TOR_20260903_1",18,"2026-09-03",1,0,"Cleveland Guardians","W",1,6,3,3,"Train",9,"Observed_User_Confirmed",195,44,195,44,0,0,0,0,195,14.2666666666667,195,14.2666666666667,6.96387339388419,0.488121966861041,195,1.33333333333333,195,1.33333333333333,0,0,0.220512820512821,"Road",0.8,13.7291465308056,0.8,13.9313520445901,1
"TOR_20260904_1",19,"2026-09-04",1,0,"Kansas City Royals","W",1,9,2,7,"Train",9,"Observed_User_Confirmed",137,43,137,43,0,0,0,0,137,14.5547445255474,137,14.5547445255474,5.2635255854479,0.361636411838697,137,1.46715328467153,137,1.46715328467153,0,0,0.284671532846715,"Road",0.8,13.9313520445901,0.8,14.4368955442942,2
"TOR_20260905_1",20,"2026-09-05",1,0,"Kansas City Royals","W",1,4,3,1,"Train",9,"Observed_User_Confirmed",160,42,160,42,0,0,0,0,160,14.45625,160,14.45625,4.78972547499188,0.331325584089365,160,1.2375,160,1.2375,0,0,0.2375,"Road",0.8,14.4368955442942,0.8,14.3196948400688,3
"TOR_20260906_1",21,"2026-09-06",1,0,"Kansas City Royals","L",0,1,6,-5,"Train",9,"Observed_User_Confirmed",138,34,138,34,0,0,0,0,138,14.7463768115942,138,14.7463768115942,6.17158735061894,0.418515505840498,138,1.3695652173913,138,1.3695652173913,0,0,0.173913043478261,"Road",0.8,14.3196948400688,0.8,14.4088076007617,4
"TOR_20260907_1",22,"2026-09-07",1,0,"Athletics","L",0,5,6,-1,"Train",9,"Observed_User_Confirmed",143,38,143,38,0,0,0,0,143,14.3496503496504,143,14.3496503496504,5.07029285102878,0.353339121684754,143,1.38461538461538,143,1.38461538461538,0,0,0.167832167832168,"Road",0.8,14.4088076007617,0.6,14.4747376706917,0
"TOR_20260908_1",23,"2026-09-08",1,0,"Athletics","W",1,4,2,2,"Train",9,"Observed_User_Confirmed",151,36,151,36,0,0,0,0,151,16.2450331125828,151,16.2450331125828,6.59693553848272,0.406089386999955,151,1.67549668874172,151,1.67549668874172,0,0,0.145695364238411,"Road",0.6,14.4747376706917,0.6,14.870410959875,0
"TOR_20260909_1",24,"2026-09-09",1,0,"Athletics","L",0,0,2,-2,"Train",9,"Observed_User_Confirmed",130,34,130,34,0,0,0,0,130,15.0538461538462,130,15.0538461538462,5.51574425665567,0.366400998142687,130,1.50769230769231,130,1.50769230769231,0,0,0.0692307692307692,"Road",0.6,14.870410959875,0.4,14.9702312855347,1
"TOR_20260911_1",25,"2026-09-11",1,1,"Baltimore Orioles","L",0,4,7,-3,"Train",9,"Observed_User_Confirmed",163,40,163,40,0,0,0,0,163,15.0552147239264,161,14.8571428571429,4.54127892621828,0.305663004649308,163,1.47239263803681,161,1.46583850931677,2,0.0122699386503067,0.294478527607362,"Home",0.4,14.9702312855347,0.2,15.0504098569633,0
"TOR_20260912_1",26,"2026-09-12",1,1,"Baltimore Orioles","W",1,7,3,4,"Train",8,"Observed_User_Confirmed",154,39,154,39,0,0,0,0,154,13.1233766233766,154,13.1233766233766,4.39745607100781,0.335085717434539,154,1.30519480519481,154,1.30519480519481,0,0,0.220779220779221,"Home",0.2,15.0504098569633,0.4,14.7258098193198,0
"TOR_20260913_1",27,"2026-09-13",1,1,"Baltimore Orioles","W",1,8,1,7,"Train",8,"Observed_User_Confirmed",155,39,155,39,0,0,0,0,155,14.1096774193548,151,13.5165562913907,4.2313974124171,0.313052919781961,155,1.01935483870968,151,1.02649006622517,4,0.0258064516129032,0.264516129032258,"Home",0.4,14.7258098193198,0.6,14.5591910076678,1
"TOR_20260914_1",28,"2026-09-14",1,1,"Detroit Tigers","L",0,5,6,-1,"Validation",9,"Observed_User_Confirmed",184,40,184,40,0,0,0,0,184,15.3586956521739,182,15.1648351648352,5.05825453323135,0.333551567046415,184,1.65217391304348,182,1.63736263736264,2,0.0108695652173913,0.342391304347826,"Home",0.6,14.5591910076678,0.4,14.3431514181183,2
"TOR_20260915_1",29,"2026-09-15",1,1,"Detroit Tigers","L",0,1,10,-9,"Validation",9,"Observed_User_Confirmed",147,36,147,36,0,0,0,0,147,14.9455782312925,145,14.6896551724138,5.26455290042557,0.358385056601741,147,1.42176870748299,145,1.42758620689655,2,0.0136054421768707,0.142857142857143,"Home",0.4,14.3431514181183,0.4,14.2703132218318,0
"TOR_20260916_1",30,"2026-09-16",1,1,"Detroit Tigers","W",1,5,1,4,"Validation",8,"Observed_User_Confirmed",138,36,138,36,0,0,0,0,138,14.4202898550725,138,14.4202898550725,3.94082431297511,0.273283294065611,138,1.38405797101449,138,1.38405797101449,0,0,0.355072463768116,"Home",0.4,14.2703132218318,0.6,14.1829426214178,0
"TOR_20260918_1",31,"2026-09-18",1,0,"Texas Rangers","L",0,1,7,-6,"Validation",9,"Observed_User_Confirmed",136,34,136,34,0,0,0,0,136,14.1470588235294,136,14.1470588235294,5.06773294593638,0.358218129234588,136,1.70588235294118,136,1.70588235294118,0,0,0.191176470588235,"Road",0.6,14.1829426214178,0.4,14.3876790614483,1
"TOR_20260919_1",32,"2026-09-19",1,0,"Texas Rangers","L",0,2,6,-4,"Validation",9,"Observed_User_Confirmed",126,34,126,34,0,0,0,0,126,14.6428571428571,124,14.6370967741935,1.59946473475131,0.109274725679979,126,1.32539682539683,124,1.32258064516129,2,0.0158730158730159,0.0952380952380952,"Road",0.4,14.3876790614483,0.2,14.6117871580089,0
"TOR_20260920_1",33,"2026-09-20",1,0,"Texas Rangers","W",1,7,2,5,"Validation",9,"Observed_User_Confirmed",149,43,149,43,0,0,0,0,149,13.7114093959732,147,13.7006802721088,3.31128201383635,0.241687416104242,149,0.959731543624161,147,0.959183673469388,2,0.0134228187919463,0.36241610738255,"Road",0.2,14.6117871580089,0.4,14.3189561794636,0
"TOR_20260921_1",34,"2026-09-21",1,0,"Baltimore Orioles","L",0,3,4,-1,"Test",9,"Observed_User_Confirmed",128,34,128,34,0,0,0,0,128,13.6796875,127,13.6614173228346,4.03795577788341,0.295573708236999,128,1.5859375,127,1.58267716535433,1,0.0078125,0.15625,"Road",0.4,14.3189561794636,0.4,14.1133086095478,1
"TOR_20260923_1",35,"2026-09-23",1,0,"Baltimore Orioles","L",0,2,4,-2,"Test",9,"Observed_User_Confirmed",128,34,128,34,0,0,0,0,128,14.5546875,126,14.5396825396825,2.52555195915917,0.173700626012039,128,1.5390625,126,1.53174603174603,2,0.015625,0.2734375,"Road",0.4,14.1133086095478,0.2,14.1371871464698,0
"TOR_20260923_2",36,"2026-09-23",2,0,"Baltimore Orioles","L",0,2,4,-2,"Test",9,"Observed_User_Confirmed",134,34,134,34,0,0,0,0,134,13.0373134328358,132,12.9924242424242,4.11754060612302,0.316918577264279,134,1.82835820895522,132,1.82575757575758,2,0.0149253731343284,0.126865671641791,"Road",0.2,14.1371871464698,0.2,13.9062602302488,0
"TOR_20260925_1",37,"2026-09-25",1,1,"Cincinnati Reds","W",1,6,5,1,"Test",8,"Observed_User_Confirmed",152,40,152,40,0,0,0,0,152,13.7631578947368,150,13.74,2.33855918471239,0.170200814025647,152,1.72368421052632,150,1.72,2,0.0131578947368421,0.394736842105263,"Home",0.2,13.9062602302488,0.4,13.7268408754101,0
"TOR_20260927_1",38,"2026-09-27",1,1,"Cincinnati Reds","L",0,1,5,-4,"Test",9,"Observed_User_Confirmed",123,34,123,34,0,0,0,0,123,12.9430894308943,122,12.9508196721311,4.11980192698949,0.318111288033366,123,1.39024390243902,122,1.39344262295082,1,0.00813008130081301,0.219512195121951,"Home",0.4,13.7268408754101,0.2,13.5768687554145,1
"TOR_20260927_2",39,"2026-09-27",2,1,"Cincinnati Reds","W",1,5,1,4,"Test",8,"Observed_User_Confirmed",136,32,136,32,0,0,0,0,136,12.7279411764706,135,12.7185185185185,3.38929802059596,0.266485284088791,136,1.07352941176471,135,1.07407407407407,1,0.00735294117647059,0.191176470588235,"Home",0.2,13.5768687554145,0.4,13.3882889945513,0
