"fold","model","n","events","prevalence","log_loss","brier","roc_auc","threshold","accuracy","precision","recall","tp","fp","tn","fn"
1,"M0_prevalence",187,36,0.192513368983957,0.490225702328172,0.155566358774915,0.5,0.5,0.807486631016043,NA,0,0,0,151,36
2,"M0_prevalence",201,27,0.134328358208955,0.403737795410933,0.118847102524543,0.5,0.5,0.865671641791045,NA,0,0,0,174,27
3,"M0_prevalence",188,40,0.212765957446809,0.522874537042578,0.169091901542264,0.5,0.5,0.787234042553192,NA,0,0,0,148,40
1,"M1_context",187,36,0.192513368983957,0.486342936514271,0.154428384175149,0.576894775570272,0.5,0.807486631016043,NA,0,0,0,151,36
2,"M1_context",201,27,0.134328358208955,0.421087277756396,0.124736766812989,0.449765857811835,0.5,0.865671641791045,NA,0,0,0,174,27
3,"M1_context",188,40,0.212765957446809,0.530998946351886,0.171132759353347,0.464695945945946,0.5,0.787234042553192,NA,0,0,0,148,40
1,"M2_behavior",187,36,0.192513368983957,0.490772467386801,0.155264661422142,0.519867549668874,0.5,0.807486631016043,NA,0,0,0,151,36
2,"M2_behavior",201,27,0.134328358208955,0.401843152786397,0.118115434768893,0.560983397190294,0.5,0.865671641791045,NA,0,0,0,174,27
3,"M2_behavior",188,40,0.212765957446809,0.521429693146136,0.168385222253271,0.558952702702703,0.5,0.787234042553192,NA,0,0,0,148,40
1,"M3_context_behavior",187,36,0.192513368983957,0.488384864730673,0.154868485386992,0.540746872700515,0.5,0.807486631016043,NA,0,0,0,151,36
2,"M3_context_behavior",201,27,0.134328358208955,0.418515046526409,0.123766330772392,0.475521498510004,0.5,0.865671641791045,NA,0,0,0,174,27
3,"M3_context_behavior",188,40,0.212765957446809,0.528721719680307,0.17049760647472,0.499577702702703,0.5,0.787234042553192,NA,0,0,0,148,40
