"file","md5"
"scripts/10_project3_baselines.R","dd9968de9c35c47272cdd842b414579c"
"scripts/01_import_R.R","8dfc85d300be53142282623e7a9704c3"
"data/batters.csv","564d23989e092310f280afbfbfff06bc"
"data/games.csv","8a535d115af3040424bb89ab79001a52"
"data/pitches.csv","a217c4396d03ca741842b675f83489f7"
"data/plate_appearances.csv","47ce5059036b9fcd56db9a8bda80f060"
"data/project1_pitches.csv","bc574d07d741c0c2b795d78b8c758b83"
"data/project2_pas.csv","0c23fb4aababac30c7fcee30ddb054aa"
"data/project3_snapshots.csv","1545a83379542f803d331554b87be56e"
"data/project4_games.csv","06346f5ba65993e519fa543a4c68b053"
