"pitch_id","pa_id","game_id","game_date","batter_id"
"P00001","TOR_20260814_1_PA001","TOR_20260814_1",2026-08-14,"B004"
"P00009","TOR_20260814_1_PA003","TOR_20260814_1",2026-08-14,"B009"
"P00012","TOR_20260814_1_PA004","TOR_20260814_1",2026-08-14,"B001"
"P00018","TOR_20260814_1_PA005","TOR_20260814_1",2026-08-14,"B002"
"P00020","TOR_20260814_1_PA006","TOR_20260814_1",2026-08-14,"B012"
"P00025","TOR_20260814_1_PA007","TOR_20260814_1",2026-08-14,"B010"
"P00027","TOR_20260814_1_PA008","TOR_20260814_1",2026-08-14,"B008"
"P00029","TOR_20260814_1_PA009","TOR_20260814_1",2026-08-14,"B004"
"P00033","TOR_20260814_1_PA010","TOR_20260814_1",2026-08-14,"B014"
"P00034","TOR_20260814_1_PA011","TOR_20260814_1",2026-08-14,"B017"
"P00039","TOR_20260814_1_PA012","TOR_20260814_1",2026-08-14,"B009"
"P00043","TOR_20260814_1_PA013","TOR_20260814_1",2026-08-14,"B001"
"P00049","TOR_20260814_1_PA014","TOR_20260814_1",2026-08-14,"B002"
"P00051","TOR_20260814_1_PA015","TOR_20260814_1",2026-08-14,"B012"
"P00056","TOR_20260814_1_PA016","TOR_20260814_1",2026-08-14,"B010"
"P00060","TOR_20260814_1_PA017","TOR_20260814_1",2026-08-14,"B008"
"P00062","TOR_20260814_1_PA018","TOR_20260814_1",2026-08-14,"B004"
"P00064","TOR_20260814_1_PA019","TOR_20260814_1",2026-08-14,"B014"
"P00068","TOR_20260814_1_PA020","TOR_20260814_1",2026-08-14,"B017"
"P00074","TOR_20260814_1_PA021","TOR_20260814_1",2026-08-14,"B009"
"P00079","TOR_20260814_1_PA022","TOR_20260814_1",2026-08-14,"B001"
"P00080","TOR_20260814_1_PA023","TOR_20260814_1",2026-08-14,"B002"
"P00087","TOR_20260814_1_PA024","TOR_20260814_1",2026-08-14,"B012"
"P00095","TOR_20260814_1_PA025","TOR_20260814_1",2026-08-14,"B010"
"P00099","TOR_20260814_1_PA026","TOR_20260814_1",2026-08-14,"B008"
"P00101","TOR_20260814_1_PA027","TOR_20260814_1",2026-08-14,"B004"
"P00103","TOR_20260814_1_PA028","TOR_20260814_1",2026-08-14,"B014"
"P00109","TOR_20260814_1_PA029","TOR_20260814_1",2026-08-14,"B005"
"P00115","TOR_20260814_1_PA030","TOR_20260814_1",2026-08-14,"B009"
"P00118","TOR_20260814_1_PA031","TOR_20260814_1",2026-08-14,"B001"
"P00120","TOR_20260814_1_PA032","TOR_20260814_1",2026-08-14,"B002"
"P00121","TOR_20260815_1_PA001","TOR_20260815_1",2026-08-15,"B004"
"P00125","TOR_20260815_1_PA002","TOR_20260815_1",2026-08-15,"B014"
"P00127","TOR_20260815_1_PA003","TOR_20260815_1",2026-08-15,"B001"
"P00131","TOR_20260815_1_PA004","TOR_20260815_1",2026-08-15,"B010"
"P00136","TOR_20260815_1_PA005","TOR_20260815_1",2026-08-15,"B012"
"P00140","TOR_20260815_1_PA006","TOR_20260815_1",2026-08-15,"B002"
"P00144","TOR_20260815_1_PA007","TOR_20260815_1",2026-08-15,"B003"
"P00149","TOR_20260815_1_PA008","TOR_20260815_1",2026-08-15,"B011"
"P00154","TOR_20260815_1_PA009","TOR_20260815_1",2026-08-15,"B005"
"P00156","TOR_20260815_1_PA010","TOR_20260815_1",2026-08-15,"B004"
"P00162","TOR_20260815_1_PA011","TOR_20260815_1",2026-08-15,"B014"
"P00167","TOR_20260815_1_PA012","TOR_20260815_1",2026-08-15,"B001"
"P00171","TOR_20260815_1_PA013","TOR_20260815_1",2026-08-15,"B010"
"P00175","TOR_20260815_1_PA014","TOR_20260815_1",2026-08-15,"B012"
"P00180","TOR_20260815_1_PA015","TOR_20260815_1",2026-08-15,"B002"
"P00184","TOR_20260815_1_PA016","TOR_20260815_1",2026-08-15,"B003"
"P00190","TOR_20260815_1_PA017","TOR_20260815_1",2026-08-15,"B011"
"P00196","TOR_20260815_1_PA018","TOR_20260815_1",2026-08-15,"B005"
"P00200","TOR_20260815_1_PA019","TOR_20260815_1",2026-08-15,"B004"
"P00203","TOR_20260815_1_PA020","TOR_20260815_1",2026-08-15,"B014"
"P00204","TOR_20260815_1_PA021","TOR_20260815_1",2026-08-15,"B001"
"P00209","TOR_20260815_1_PA022","TOR_20260815_1",2026-08-15,"B010"
"P00215","TOR_20260815_1_PA023","TOR_20260815_1",2026-08-15,"B012"
"P00219","TOR_20260815_1_PA024","TOR_20260815_1",2026-08-15,"B002"
"P00223","TOR_20260815_1_PA025","TOR_20260815_1",2026-08-15,"B003"
"P00231","TOR_20260815_1_PA026","TOR_20260815_1",2026-08-15,"B008"
"P00232","TOR_20260815_1_PA027","TOR_20260815_1",2026-08-15,"B005"
"P00236","TOR_20260815_1_PA028","TOR_20260815_1",2026-08-15,"B004"
"P00238","TOR_20260815_1_PA029","TOR_20260815_1",2026-08-15,"B014"
"P00239","TOR_20260815_1_PA030","TOR_20260815_1",2026-08-15,"B013"
"P00247","TOR_20260815_1_PA031","TOR_20260815_1",2026-08-15,"B012"
"P00251","TOR_20260815_1_PA032","TOR_20260815_1",2026-08-15,"B002"
"P00254","TOR_20260815_1_PA033","TOR_20260815_1",2026-08-15,"B003"
"P00263","TOR_20260815_1_PA034","TOR_20260815_1",2026-08-15,"B008"
"P00267","TOR_20260815_1_PA035","TOR_20260815_1",2026-08-15,"B005"
"P00273","TOR_20260815_1_PA036","TOR_20260815_1",2026-08-15,"B004"
"P00277","TOR_20260815_1_PA037","TOR_20260815_1",2026-08-15,"B014"
"P00278","TOR_20260815_1_PA038","TOR_20260815_1",2026-08-15,"B013"
"P00279","TOR_20260816_1_PA001","TOR_20260816_1",2026-08-16,"B004"
"P00281","TOR_20260816_1_PA002","TOR_20260816_1",2026-08-16,"B005"
"P00283","TOR_20260816_1_PA003","TOR_20260816_1",2026-08-16,"B001"
"P00288","TOR_20260816_1_PA004","TOR_20260816_1",2026-08-16,"B009"
"P00290","TOR_20260816_1_PA005","TOR_20260816_1",2026-08-16,"B008"
"P00295","TOR_20260816_1_PA006","TOR_20260816_1",2026-08-16,"B012"
"P00301","TOR_20260816_1_PA007","TOR_20260816_1",2026-08-16,"B007"
"P00306","TOR_20260816_1_PA008","TOR_20260816_1",2026-08-16,"B002"
"P00311","TOR_20260816_1_PA009","TOR_20260816_1",2026-08-16,"B013"
"P00312","TOR_20260816_1_PA010","TOR_20260816_1",2026-08-16,"B004"
"P00317","TOR_20260816_1_PA011","TOR_20260816_1",2026-08-16,"B005"
"P00319","TOR_20260816_1_PA012","TOR_20260816_1",2026-08-16,"B001"
"P00321","TOR_20260816_1_PA013","TOR_20260816_1",2026-08-16,"B009"
"P00323","TOR_20260816_1_PA014","TOR_20260816_1",2026-08-16,"B008"
"P00326","TOR_20260816_1_PA015","TOR_20260816_1",2026-08-16,"B012"
"P00328","TOR_20260816_1_PA016","TOR_20260816_1",2026-08-16,"B007"
"P00331","TOR_20260816_1_PA017","TOR_20260816_1",2026-08-16,"B002"
"P00337","TOR_20260816_1_PA018","TOR_20260816_1",2026-08-16,"B013"
"P00344","TOR_20260816_1_PA019","TOR_20260816_1",2026-08-16,"B004"
"P00346","TOR_20260816_1_PA020","TOR_20260816_1",2026-08-16,"B005"
"P00349","TOR_20260816_1_PA021","TOR_20260816_1",2026-08-16,"B001"
"P00354","TOR_20260816_1_PA022","TOR_20260816_1",2026-08-16,"B009"
"P00357","TOR_20260816_1_PA023","TOR_20260816_1",2026-08-16,"B008"
"P00361","TOR_20260816_1_PA024","TOR_20260816_1",2026-08-16,"B012"
"P00365","TOR_20260816_1_PA025","TOR_20260816_1",2026-08-16,"B007"
"P00371","TOR_20260816_1_PA026","TOR_20260816_1",2026-08-16,"B002"
"P00374","TOR_20260816_1_PA027","TOR_20260816_1",2026-08-16,"B014"
"P00377","TOR_20260816_1_PA028","TOR_20260816_1",2026-08-16,"B004"
"P00384","TOR_20260816_1_PA029","TOR_20260816_1",2026-08-16,"B011"
"P00387","TOR_20260816_1_PA030","TOR_20260816_1",2026-08-16,"B001"
"P00392","TOR_20260816_1_PA031","TOR_20260816_1",2026-08-16,"B009"
"P00396","TOR_20260816_1_PA032","TOR_20260816_1",2026-08-16,"B008"
"P00401","TOR_20260816_1_PA033","TOR_20260816_1",2026-08-16,"B012"
"P00402","TOR_20260816_1_PA034","TOR_20260816_1",2026-08-16,"B007"
"P00403","TOR_20260816_1_PA035","TOR_20260816_1",2026-08-16,"B002"
"P00405","TOR_20260816_1_PA036","TOR_20260816_1",2026-08-16,"B014"
"P00409","TOR_20260816_1_PA037","TOR_20260816_1",2026-08-16,"B004"
"P00413","TOR_20260818_1_PA001","TOR_20260818_1",2026-08-18,"B004"
"P00416","TOR_20260818_1_PA002","TOR_20260818_1",2026-08-18,"B014"
"P00418","TOR_20260818_1_PA003","TOR_20260818_1",2026-08-18,"B001"
"P00425","TOR_20260818_1_PA004","TOR_20260818_1",2026-08-18,"B009"
"P00428","TOR_20260818_1_PA005","TOR_20260818_1",2026-08-18,"B010"
"P00431","TOR_20260818_1_PA006","TOR_20260818_1",2026-08-18,"B012"
"P00433","TOR_20260818_1_PA007","TOR_20260818_1",2026-08-18,"B002"
"P00435","TOR_20260818_1_PA008","TOR_20260818_1",2026-08-18,"B008"
"P00437","TOR_20260818_1_PA009","TOR_20260818_1",2026-08-18,"B011"
"P00442","TOR_20260818_1_PA010","TOR_20260818_1",2026-08-18,"B004"
"P00446","TOR_20260818_1_PA011","TOR_20260818_1",2026-08-18,"B014"
"P00453","TOR_20260818_1_PA012","TOR_20260818_1",2026-08-18,"B001"
"P00460","TOR_20260818_1_PA013","TOR_20260818_1",2026-08-18,"B009"
"P00463","TOR_20260818_1_PA014","TOR_20260818_1",2026-08-18,"B010"
"P00467","TOR_20260818_1_PA015","TOR_20260818_1",2026-08-18,"B012"
"P00472","TOR_20260818_1_PA016","TOR_20260818_1",2026-08-18,"B002"
"P00473","TOR_20260818_1_PA017","TOR_20260818_1",2026-08-18,"B008"
"P00477","TOR_20260818_1_PA018","TOR_20260818_1",2026-08-18,"B011"
"P00480","TOR_20260818_1_PA019","TOR_20260818_1",2026-08-18,"B004"
"P00481","TOR_20260818_1_PA020","TOR_20260818_1",2026-08-18,"B014"
"P00487","TOR_20260818_1_PA021","TOR_20260818_1",2026-08-18,"B001"
"P00489","TOR_20260818_1_PA022","TOR_20260818_1",2026-08-18,"B009"
"P00495","TOR_20260818_1_PA023","TOR_20260818_1",2026-08-18,"B010"
"P00497","TOR_20260818_1_PA024","TOR_20260818_1",2026-08-18,"B012"
"P00501","TOR_20260818_1_PA025","TOR_20260818_1",2026-08-18,"B002"
"P00504","TOR_20260818_1_PA026","TOR_20260818_1",2026-08-18,"B008"
"P00506","TOR_20260818_1_PA027","TOR_20260818_1",2026-08-18,"B011"
"P00507","TOR_20260818_1_PA028","TOR_20260818_1",2026-08-18,"B004"
"P00510","TOR_20260818_1_PA029","TOR_20260818_1",2026-08-18,"B014"
"P00512","TOR_20260818_1_PA030","TOR_20260818_1",2026-08-18,"B001"
"P00516","TOR_20260818_1_PA031","TOR_20260818_1",2026-08-18,"B009"
"P00520","TOR_20260818_1_PA032","TOR_20260818_1",2026-08-18,"B010"
"P00527","TOR_20260818_1_PA033","TOR_20260818_1",2026-08-18,"B012"
"P00531","TOR_20260818_1_PA034","TOR_20260818_1",2026-08-18,"B002"
"P00534","TOR_20260818_1_PA035","TOR_20260818_1",2026-08-18,"B008"
"P00536","TOR_20260818_1_PA036","TOR_20260818_1",2026-08-18,"B011"
"P00538","TOR_20260818_1_PA037","TOR_20260818_1",2026-08-18,"B004"
"P00540","TOR_20260818_1_PA038","TOR_20260818_1",2026-08-18,"B014"
"P00545","TOR_20260818_1_PA039","TOR_20260818_1",2026-08-18,"B001"
"P00547","TOR_20260818_1_PA040","TOR_20260818_1",2026-08-18,"B009"
"P00550","TOR_20260818_1_PA041","TOR_20260818_1",2026-08-18,"B013"
"P00551","TOR_20260818_1_PA042","TOR_20260818_1",2026-08-18,"B012"
"P00554","TOR_20260818_1_PA043","TOR_20260818_1",2026-08-18,"B002"
"P00556","TOR_20260818_1_PA044","TOR_20260818_1",2026-08-18,"B008"
"P00559","TOR_20260818_1_PA045","TOR_20260818_1",2026-08-18,"B011"
"P00560","TOR_20260818_1_PA046","TOR_20260818_1",2026-08-18,"B004"
"P00562","TOR_20260818_1_PA047","TOR_20260818_1",2026-08-18,"B014"
"P00565","TOR_20260818_1_PA048","TOR_20260818_1",2026-08-18,"B001"
"P00570","TOR_20260819_1_PA001","TOR_20260819_1",2026-08-19,"B004"
"P00571","TOR_20260819_1_PA002","TOR_20260819_1",2026-08-19,"B014"
"P00575","TOR_20260819_1_PA003","TOR_20260819_1",2026-08-19,"B001"
"P00576","TOR_20260819_1_PA004","TOR_20260819_1",2026-08-19,"B012"
"P00582","TOR_20260819_1_PA005","TOR_20260819_1",2026-08-19,"B002"
"P00583","TOR_20260819_1_PA006","TOR_20260819_1",2026-08-19,"B010"
"P00586","TOR_20260819_1_PA007","TOR_20260819_1",2026-08-19,"B011"
"P00591","TOR_20260819_1_PA008","TOR_20260819_1",2026-08-19,"B003"
"P00596","TOR_20260819_1_PA009","TOR_20260819_1",2026-08-19,"B005"
"P00599","TOR_20260819_1_PA010","TOR_20260819_1",2026-08-19,"B004"
"P00603","TOR_20260819_1_PA011","TOR_20260819_1",2026-08-19,"B014"
"P00608","TOR_20260819_1_PA012","TOR_20260819_1",2026-08-19,"B001"
"P00615","TOR_20260819_1_PA013","TOR_20260819_1",2026-08-19,"B012"
"P00620","TOR_20260819_1_PA014","TOR_20260819_1",2026-08-19,"B002"
"P00627","TOR_20260819_1_PA015","TOR_20260819_1",2026-08-19,"B010"
"P00631","TOR_20260819_1_PA016","TOR_20260819_1",2026-08-19,"B011"
"P00634","TOR_20260819_1_PA017","TOR_20260819_1",2026-08-19,"B003"
"P00637","TOR_20260819_1_PA018","TOR_20260819_1",2026-08-19,"B005"
"P00639","TOR_20260819_1_PA019","TOR_20260819_1",2026-08-19,"B013"
"P00643","TOR_20260819_1_PA020","TOR_20260819_1",2026-08-19,"B014"
"P00644","TOR_20260819_1_PA021","TOR_20260819_1",2026-08-19,"B001"
"P00647","TOR_20260819_1_PA022","TOR_20260819_1",2026-08-19,"B012"
"P00649","TOR_20260819_1_PA023","TOR_20260819_1",2026-08-19,"B002"
"P00655","TOR_20260819_1_PA024","TOR_20260819_1",2026-08-19,"B007"
"P00656","TOR_20260819_1_PA025","TOR_20260819_1",2026-08-19,"B011"
"P00659","TOR_20260819_1_PA026","TOR_20260819_1",2026-08-19,"B003"
"P00660","TOR_20260819_1_PA027","TOR_20260819_1",2026-08-19,"B005"
"P00662","TOR_20260819_1_PA028","TOR_20260819_1",2026-08-19,"B013"
"P00668","TOR_20260819_1_PA029","TOR_20260819_1",2026-08-19,"B014"
"P00672","TOR_20260819_1_PA030","TOR_20260819_1",2026-08-19,"B001"
"P00676","TOR_20260819_1_PA031","TOR_20260819_1",2026-08-19,"B012"
"P00681","TOR_20260819_1_PA032","TOR_20260819_1",2026-08-19,"B002"
"P00689","TOR_20260819_1_PA033","TOR_20260819_1",2026-08-19,"B007"
"P00691","TOR_20260819_1_PA034","TOR_20260819_1",2026-08-19,"B011"
"P00697","TOR_20260819_1_PA035","TOR_20260819_1",2026-08-19,"B003"
"P00701","TOR_20260819_1_PA036","TOR_20260819_1",2026-08-19,"B005"
"P00705","TOR_20260819_1_PA037","TOR_20260819_1",2026-08-19,"B009"
"P00709","TOR_20260819_1_PA038","TOR_20260819_1",2026-08-19,"B014"
"P00714","TOR_20260819_1_PA039","TOR_20260819_1",2026-08-19,"B001"
"P00719","TOR_20260820_1_PA001","TOR_20260820_1",2026-08-20,"B005"
"P00722","TOR_20260820_1_PA002","TOR_20260820_1",2026-08-20,"B007"
"P00725","TOR_20260820_1_PA003","TOR_20260820_1",2026-08-20,"B001"
"P00736","TOR_20260820_1_PA004","TOR_20260820_1",2026-08-20,"B009"
"P00737","TOR_20260820_1_PA005","TOR_20260820_1",2026-08-20,"B012"
"P00739","TOR_20260820_1_PA006","TOR_20260820_1",2026-08-20,"B002"
"P00740","TOR_20260820_1_PA007","TOR_20260820_1",2026-08-20,"B008"
"P00746","TOR_20260820_1_PA008","TOR_20260820_1",2026-08-20,"B013"
"P00747","TOR_20260820_1_PA009","TOR_20260820_1",2026-08-20,"B014"
"P00752","TOR_20260820_1_PA010","TOR_20260820_1",2026-08-20,"B005"
"P00756","TOR_20260820_1_PA011","TOR_20260820_1",2026-08-20,"B007"
"P00761","TOR_20260820_1_PA012","TOR_20260820_1",2026-08-20,"B001"
"P00767","TOR_20260820_1_PA013","TOR_20260820_1",2026-08-20,"B009"
"P00770","TOR_20260820_1_PA014","TOR_20260820_1",2026-08-20,"B012"
"P00771","TOR_20260820_1_PA015","TOR_20260820_1",2026-08-20,"B002"
"P00775","TOR_20260820_1_PA016","TOR_20260820_1",2026-08-20,"B008"
"P00781","TOR_20260820_1_PA017","TOR_20260820_1",2026-08-20,"B013"
"P00787","TOR_20260820_1_PA018","TOR_20260820_1",2026-08-20,"B014"
"P00789","TOR_20260820_1_PA019","TOR_20260820_1",2026-08-20,"B005"
"P00796","TOR_20260820_1_PA020","TOR_20260820_1",2026-08-20,"B007"
"P00801","TOR_20260820_1_PA021","TOR_20260820_1",2026-08-20,"B001"
"P00804","TOR_20260820_1_PA022","TOR_20260820_1",2026-08-20,"B009"
"P00807","TOR_20260820_1_PA023","TOR_20260820_1",2026-08-20,"B012"
"P00811","TOR_20260820_1_PA024","TOR_20260820_1",2026-08-20,"B003"
"P00813","TOR_20260820_1_PA025","TOR_20260820_1",2026-08-20,"B008"
"P00815","TOR_20260820_1_PA026","TOR_20260820_1",2026-08-20,"B013"
"P00822","TOR_20260820_1_PA027","TOR_20260820_1",2026-08-20,"B014"
"P00829","TOR_20260820_1_PA028","TOR_20260820_1",2026-08-20,"B005"
"P00830","TOR_20260820_1_PA029","TOR_20260820_1",2026-08-20,"B007"
"P00843","TOR_20260820_1_PA031","TOR_20260820_1",2026-08-20,"B012"
"P00850","TOR_20260820_1_PA032","TOR_20260820_1",2026-08-20,"B003"
"P00854","TOR_20260820_1_PA033","TOR_20260820_1",2026-08-20,"B008"
"P00858","TOR_20260820_1_PA034","TOR_20260820_1",2026-08-20,"B013"
"P00860","TOR_20260820_1_PA035","TOR_20260820_1",2026-08-20,"B014"
"P00867","TOR_20260820_1_PA036","TOR_20260820_1",2026-08-20,"B005"
"P00869","TOR_20260820_1_PA037","TOR_20260820_1",2026-08-20,"B007"
"P00874","TOR_20260820_1_PA038","TOR_20260820_1",2026-08-20,"B001"
"P00875","TOR_20260820_1_PA039","TOR_20260820_1",2026-08-20,"B009"
"P00878","TOR_20260820_1_PA040","TOR_20260820_1",2026-08-20,"B012"
"P00881","TOR_20260821_1_PA001","TOR_20260821_1",2026-08-21,"B004"
"P00885","TOR_20260821_1_PA002","TOR_20260821_1",2026-08-21,"B014"
"P00886","TOR_20260821_1_PA003","TOR_20260821_1",2026-08-21,"B001"
"P00890","TOR_20260821_1_PA004","TOR_20260821_1",2026-08-21,"B010"
"P00891","TOR_20260821_1_PA005","TOR_20260821_1",2026-08-21,"B008"
"P00894","TOR_20260821_1_PA006","TOR_20260821_1",2026-08-21,"B012"
"P00898","TOR_20260821_1_PA007","TOR_20260821_1",2026-08-21,"B003"
"P00899","TOR_20260821_1_PA008","TOR_20260821_1",2026-08-21,"B005"
"P00900","TOR_20260821_1_PA009","TOR_20260821_1",2026-08-21,"B013"
"P00905","TOR_20260821_1_PA010","TOR_20260821_1",2026-08-21,"B004"
"P00911","TOR_20260821_1_PA011","TOR_20260821_1",2026-08-21,"B014"
"P00916","TOR_20260821_1_PA012","TOR_20260821_1",2026-08-21,"B001"
"P00922","TOR_20260821_1_PA013","TOR_20260821_1",2026-08-21,"B010"
"P00926","TOR_20260821_1_PA014","TOR_20260821_1",2026-08-21,"B008"
"P00932","TOR_20260821_1_PA015","TOR_20260821_1",2026-08-21,"B012"
"P00940","TOR_20260821_1_PA016","TOR_20260821_1",2026-08-21,"B003"
"P00942","TOR_20260821_1_PA017","TOR_20260821_1",2026-08-21,"B005"
"P00945","TOR_20260821_1_PA018","TOR_20260821_1",2026-08-21,"B013"
"P00953","TOR_20260821_1_PA019","TOR_20260821_1",2026-08-21,"B004"
"P00955","TOR_20260821_1_PA020","TOR_20260821_1",2026-08-21,"B014"
"P00959","TOR_20260821_1_PA021","TOR_20260821_1",2026-08-21,"B001"
"P00963","TOR_20260821_1_PA022","TOR_20260821_1",2026-08-21,"B010"
"P00966","TOR_20260821_1_PA023","TOR_20260821_1",2026-08-21,"B008"
"P00970","TOR_20260821_1_PA024","TOR_20260821_1",2026-08-21,"B012"
"P00973","TOR_20260821_1_PA025","TOR_20260821_1",2026-08-21,"B003"
"P00977","TOR_20260821_1_PA026","TOR_20260821_1",2026-08-21,"B005"
"P00981","TOR_20260821_1_PA027","TOR_20260821_1",2026-08-21,"B013"
"P00983","TOR_20260821_1_PA028","TOR_20260821_1",2026-08-21,"B004"
"P00989","TOR_20260821_1_PA029","TOR_20260821_1",2026-08-21,"B009"
"P00996","TOR_20260821_1_PA030","TOR_20260821_1",2026-08-21,"B001"
"P01001","TOR_20260821_1_PA031","TOR_20260821_1",2026-08-21,"B010"
"P01002","TOR_20260821_1_PA032","TOR_20260821_1",2026-08-21,"B008"
"P01005","TOR_20260821_1_PA033","TOR_20260821_1",2026-08-21,"B012"
"P01012","TOR_20260821_1_PA034","TOR_20260821_1",2026-08-21,"B003"
"P01018","TOR_20260821_1_PA035","TOR_20260821_1",2026-08-21,"B005"
"P01019","TOR_20260821_1_PA036","TOR_20260821_1",2026-08-21,"B013"
"P01024","TOR_20260821_1_PA037","TOR_20260821_1",2026-08-21,"B004"
"P01028","TOR_20260822_1_PA001","TOR_20260822_1",2026-08-22,"B004"
"P01036","TOR_20260822_1_PA002","TOR_20260822_1",2026-08-22,"B017"
"P01038","TOR_20260822_1_PA003","TOR_20260822_1",2026-08-22,"B001"
"P01043","TOR_20260822_1_PA004","TOR_20260822_1",2026-08-22,"B009"
"P01046","TOR_20260822_1_PA005","TOR_20260822_1",2026-08-22,"B012"
"P01051","TOR_20260822_1_PA006","TOR_20260822_1",2026-08-22,"B008"
"P01053","TOR_20260822_1_PA007","TOR_20260822_1",2026-08-22,"B007"
"P01060","TOR_20260822_1_PA008","TOR_20260822_1",2026-08-22,"B005"
"P01065","TOR_20260822_1_PA009","TOR_20260822_1",2026-08-22,"B013"
"P01069","TOR_20260822_1_PA010","TOR_20260822_1",2026-08-22,"B004"
"P01072","TOR_20260822_1_PA011","TOR_20260822_1",2026-08-22,"B017"
"P01076","TOR_20260822_1_PA012","TOR_20260822_1",2026-08-22,"B001"
"P01078","TOR_20260822_1_PA013","TOR_20260822_1",2026-08-22,"B009"
"P01080","TOR_20260822_1_PA014","TOR_20260822_1",2026-08-22,"B012"
"P01085","TOR_20260822_1_PA015","TOR_20260822_1",2026-08-22,"B008"
"P01087","TOR_20260822_1_PA016","TOR_20260822_1",2026-08-22,"B007"
"P01094","TOR_20260822_1_PA017","TOR_20260822_1",2026-08-22,"B005"
"P01098","TOR_20260822_1_PA018","TOR_20260822_1",2026-08-22,"B013"
"P01103","TOR_20260822_1_PA019","TOR_20260822_1",2026-08-22,"B004"
"P01109","TOR_20260822_1_PA020","TOR_20260822_1",2026-08-22,"B017"
"P01113","TOR_20260822_1_PA021","TOR_20260822_1",2026-08-22,"B001"
"P01119","TOR_20260822_1_PA022","TOR_20260822_1",2026-08-22,"B009"
"P01124","TOR_20260822_1_PA023","TOR_20260822_1",2026-08-22,"B012"
"P01125","TOR_20260822_1_PA024","TOR_20260822_1",2026-08-22,"B008"
"P01128","TOR_20260822_1_PA025","TOR_20260822_1",2026-08-22,"B014"
"P01132","TOR_20260822_1_PA026","TOR_20260822_1",2026-08-22,"B005"
"P01137","TOR_20260822_1_PA027","TOR_20260822_1",2026-08-22,"B013"
"P01138","TOR_20260822_1_PA028","TOR_20260822_1",2026-08-22,"B004"
"P01139","TOR_20260822_1_PA029","TOR_20260822_1",2026-08-22,"B017"
"P01141","TOR_20260822_1_PA030","TOR_20260822_1",2026-08-22,"B001"
"P01144","TOR_20260822_1_PA031","TOR_20260822_1",2026-08-22,"B009"
"P01149","TOR_20260822_1_PA032","TOR_20260822_1",2026-08-22,"B012"
"P01153","TOR_20260822_1_PA033","TOR_20260822_1",2026-08-22,"B008"
"P01159","TOR_20260822_1_PA034","TOR_20260822_1",2026-08-22,"B014"
"P01164","TOR_20260822_1_PA035","TOR_20260822_1",2026-08-22,"B005"
"P01168","TOR_20260822_1_PA036","TOR_20260822_1",2026-08-22,"B013"
"P01170","TOR_20260822_1_PA037","TOR_20260822_1",2026-08-22,"B004"
"P01171","TOR_20260822_1_PA038","TOR_20260822_1",2026-08-22,"B017"
"P01178","TOR_20260822_1_PA039","TOR_20260822_1",2026-08-22,"B001"
"P01179","TOR_20260822_1_PA040","TOR_20260822_1",2026-08-22,"B009"
"P01185","TOR_20260822_1_PA041","TOR_20260822_1",2026-08-22,"B012"
"P01191","TOR_20260822_1_PA042","TOR_20260822_1",2026-08-22,"B008"
"P01193","TOR_20260822_1_PA043","TOR_20260822_1",2026-08-22,"B014"
"P01199","TOR_20260823_1_PA001","TOR_20260823_1",2026-08-23,"B004"
"P01203","TOR_20260823_1_PA002","TOR_20260823_1",2026-08-23,"B017"
"P01206","TOR_20260823_1_PA003","TOR_20260823_1",2026-08-23,"B001"
"P01208","TOR_20260823_1_PA004","TOR_20260823_1",2026-08-23,"B009"
"P01215","TOR_20260823_1_PA005","TOR_20260823_1",2026-08-23,"B012"
"P01221","TOR_20260823_1_PA006","TOR_20260823_1",2026-08-23,"B008"
"P01223","TOR_20260823_1_PA007","TOR_20260823_1",2026-08-23,"B007"
"P01226","TOR_20260823_1_PA008","TOR_20260823_1",2026-08-23,"B005"
"P01230","TOR_20260823_1_PA009","TOR_20260823_1",2026-08-23,"B013"
"P01234","TOR_20260823_1_PA010","TOR_20260823_1",2026-08-23,"B004"
"P01240","TOR_20260823_1_PA011","TOR_20260823_1",2026-08-23,"B017"
"P01244","TOR_20260823_1_PA012","TOR_20260823_1",2026-08-23,"B001"
"P01251","TOR_20260823_1_PA013","TOR_20260823_1",2026-08-23,"B009"
"P01255","TOR_20260823_1_PA014","TOR_20260823_1",2026-08-23,"B012"
"P01260","TOR_20260823_1_PA015","TOR_20260823_1",2026-08-23,"B008"
"P01263","TOR_20260823_1_PA016","TOR_20260823_1",2026-08-23,"B007"
"P01270","TOR_20260823_1_PA017","TOR_20260823_1",2026-08-23,"B005"
"P01275","TOR_20260823_1_PA018","TOR_20260823_1",2026-08-23,"B013"
"P01278","TOR_20260823_1_PA019","TOR_20260823_1",2026-08-23,"B004"
"P01281","TOR_20260823_1_PA020","TOR_20260823_1",2026-08-23,"B017"
"P01284","TOR_20260823_1_PA021","TOR_20260823_1",2026-08-23,"B001"
"P01290","TOR_20260823_1_PA022","TOR_20260823_1",2026-08-23,"B009"
"P01295","TOR_20260823_1_PA023","TOR_20260823_1",2026-08-23,"B012"
"P01300","TOR_20260823_1_PA024","TOR_20260823_1",2026-08-23,"B008"
"P01302","TOR_20260823_1_PA025","TOR_20260823_1",2026-08-23,"B007"
"P01304","TOR_20260823_1_PA026","TOR_20260823_1",2026-08-23,"B005"
"P01308","TOR_20260823_1_PA027","TOR_20260823_1",2026-08-23,"B013"
"P01312","TOR_20260823_1_PA028","TOR_20260823_1",2026-08-23,"B004"
"P01317","TOR_20260823_1_PA029","TOR_20260823_1",2026-08-23,"B017"
"P01322","TOR_20260823_1_PA030","TOR_20260823_1",2026-08-23,"B001"
"P01326","TOR_20260823_1_PA031","TOR_20260823_1",2026-08-23,"B009"
"P01328","TOR_20260823_1_PA032","TOR_20260823_1",2026-08-23,"B012"
"P01332","TOR_20260823_1_PA033","TOR_20260823_1",2026-08-23,"B008"
"P01334","TOR_20260823_1_PA034","TOR_20260823_1",2026-08-23,"B007"
"P01338","TOR_20260823_1_PA035","TOR_20260823_1",2026-08-23,"B005"
"P01343","TOR_20260825_1_PA001","TOR_20260825_1",2026-08-25,"B004"
"P01350","TOR_20260825_1_PA002","TOR_20260825_1",2026-08-25,"B014"
"P01356","TOR_20260825_1_PA003","TOR_20260825_1",2026-08-25,"B017"
"P01358","TOR_20260825_1_PA004","TOR_20260825_1",2026-08-25,"B012"
"P01364","TOR_20260825_1_PA005","TOR_20260825_1",2026-08-25,"B010"
"P01366","TOR_20260825_1_PA006","TOR_20260825_1",2026-08-25,"B008"
"P01370","TOR_20260825_1_PA007","TOR_20260825_1",2026-08-25,"B002"
"P01371","TOR_20260825_1_PA008","TOR_20260825_1",2026-08-25,"B003"
"P01375","TOR_20260825_1_PA009","TOR_20260825_1",2026-08-25,"B013"
"P01381","TOR_20260825_1_PA010","TOR_20260825_1",2026-08-25,"B004"
"P01386","TOR_20260825_1_PA011","TOR_20260825_1",2026-08-25,"B014"
"P01388","TOR_20260825_1_PA012","TOR_20260825_1",2026-08-25,"B017"
"P01390","TOR_20260825_1_PA013","TOR_20260825_1",2026-08-25,"B012"
"P01396","TOR_20260825_1_PA014","TOR_20260825_1",2026-08-25,"B010"
"P01402","TOR_20260825_1_PA015","TOR_20260825_1",2026-08-25,"B008"
"P01407","TOR_20260825_1_PA016","TOR_20260825_1",2026-08-25,"B002"
"P01409","TOR_20260825_1_PA017","TOR_20260825_1",2026-08-25,"B003"
"P01414","TOR_20260825_1_PA018","TOR_20260825_1",2026-08-25,"B013"
"P01420","TOR_20260825_1_PA019","TOR_20260825_1",2026-08-25,"B004"
"P01424","TOR_20260825_1_PA020","TOR_20260825_1",2026-08-25,"B014"
"P01430","TOR_20260825_1_PA021","TOR_20260825_1",2026-08-25,"B017"
"P01431","TOR_20260825_1_PA022","TOR_20260825_1",2026-08-25,"B012"
"P01437","TOR_20260825_1_PA023","TOR_20260825_1",2026-08-25,"B010"
"P01442","TOR_20260825_1_PA024","TOR_20260825_1",2026-08-25,"B008"
"P01444","TOR_20260825_1_PA025","TOR_20260825_1",2026-08-25,"B002"
"P01449","TOR_20260825_1_PA026","TOR_20260825_1",2026-08-25,"B001"
"P01453","TOR_20260825_1_PA027","TOR_20260825_1",2026-08-25,"B009"
"P01454","TOR_20260825_1_PA028","TOR_20260825_1",2026-08-25,"B004"
"P01459","TOR_20260825_1_PA029","TOR_20260825_1",2026-08-25,"B014"
"P01464","TOR_20260825_1_PA030","TOR_20260825_1",2026-08-25,"B017"
"P01469","TOR_20260825_1_PA031","TOR_20260825_1",2026-08-25,"B012"
"P01471","TOR_20260825_1_PA032","TOR_20260825_1",2026-08-25,"B010"
"P01473","TOR_20260825_1_PA033","TOR_20260825_1",2026-08-25,"B008"
"P01479","TOR_20260825_1_PA034","TOR_20260825_1",2026-08-25,"B002"
"P01480","TOR_20260825_1_PA035","TOR_20260825_1",2026-08-25,"B001"
"P01485","TOR_20260825_1_PA036","TOR_20260825_1",2026-08-25,"B007"
"P01487","TOR_20260825_1_PA037","TOR_20260825_1",2026-08-25,"B004"
"P01489","TOR_20260825_1_PA038","TOR_20260825_1",2026-08-25,"B014"
"P01491","TOR_20260826_1_PA001","TOR_20260826_1",2026-08-26,"B004"
"P01497","TOR_20260826_1_PA002","TOR_20260826_1",2026-08-26,"B017"
"P01502","TOR_20260826_1_PA003","TOR_20260826_1",2026-08-26,"B001"
"P01508","TOR_20260826_1_PA004","TOR_20260826_1",2026-08-26,"B009"
"P01511","TOR_20260826_1_PA005","TOR_20260826_1",2026-08-26,"B010"
"P01513","TOR_20260826_1_PA006","TOR_20260826_1",2026-08-26,"B012"
"P01516","TOR_20260826_1_PA007","TOR_20260826_1",2026-08-26,"B014"
"P01518","TOR_20260826_1_PA008","TOR_20260826_1",2026-08-26,"B008"
"P01524","TOR_20260826_1_PA009","TOR_20260826_1",2026-08-26,"B002"
"P01528","TOR_20260826_1_PA010","TOR_20260826_1",2026-08-26,"B004"
"P01530","TOR_20260826_1_PA011","TOR_20260826_1",2026-08-26,"B017"
"P01532","TOR_20260826_1_PA012","TOR_20260826_1",2026-08-26,"B001"
"P01534","TOR_20260826_1_PA013","TOR_20260826_1",2026-08-26,"B009"
"P01537","TOR_20260826_1_PA014","TOR_20260826_1",2026-08-26,"B010"
"P01542","TOR_20260826_1_PA015","TOR_20260826_1",2026-08-26,"B012"
"P01548","TOR_20260826_1_PA016","TOR_20260826_1",2026-08-26,"B014"
"P01550","TOR_20260826_1_PA017","TOR_20260826_1",2026-08-26,"B008"
"P01551","TOR_20260826_1_PA018","TOR_20260826_1",2026-08-26,"B002"
"P01555","TOR_20260826_1_PA019","TOR_20260826_1",2026-08-26,"B004"
"P01559","TOR_20260826_1_PA020","TOR_20260826_1",2026-08-26,"B017"
"P01564","TOR_20260826_1_PA021","TOR_20260826_1",2026-08-26,"B001"
"P01566","TOR_20260826_1_PA022","TOR_20260826_1",2026-08-26,"B009"
"P01568","TOR_20260826_1_PA023","TOR_20260826_1",2026-08-26,"B010"
"P01571","TOR_20260826_1_PA024","TOR_20260826_1",2026-08-26,"B012"
"P01577","TOR_20260826_1_PA025","TOR_20260826_1",2026-08-26,"B014"
"P01583","TOR_20260826_1_PA026","TOR_20260826_1",2026-08-26,"B008"
"P01586","TOR_20260826_1_PA027","TOR_20260826_1",2026-08-26,"B002"
"P01588","TOR_20260826_1_PA028","TOR_20260826_1",2026-08-26,"B004"
"P01594","TOR_20260826_1_PA029","TOR_20260826_1",2026-08-26,"B017"
"P01595","TOR_20260826_1_PA030","TOR_20260826_1",2026-08-26,"B001"
"P01598","TOR_20260826_1_PA031","TOR_20260826_1",2026-08-26,"B009"
"P01600","TOR_20260827_1_PA001","TOR_20260827_1",2026-08-27,"B005"
"P01603","TOR_20260827_1_PA002","TOR_20260827_1",2026-08-27,"B017"
"P01607","TOR_20260827_1_PA003","TOR_20260827_1",2026-08-27,"B001"
"P01611","TOR_20260827_1_PA004","TOR_20260827_1",2026-08-27,"B009"
"P01618","TOR_20260827_1_PA005","TOR_20260827_1",2026-08-27,"B012"
"P01619","TOR_20260827_1_PA006","TOR_20260827_1",2026-08-27,"B008"
"P01622","TOR_20260827_1_PA007","TOR_20260827_1",2026-08-27,"B007"
"P01627","TOR_20260827_1_PA008","TOR_20260827_1",2026-08-27,"B013"
"P01633","TOR_20260827_1_PA009","TOR_20260827_1",2026-08-27,"B014"
"P01635","TOR_20260827_1_PA010","TOR_20260827_1",2026-08-27,"B005"
"P01639","TOR_20260827_1_PA011","TOR_20260827_1",2026-08-27,"B017"
"P01645","TOR_20260827_1_PA012","TOR_20260827_1",2026-08-27,"B001"
"P01647","TOR_20260827_1_PA013","TOR_20260827_1",2026-08-27,"B009"
"P01648","TOR_20260827_1_PA014","TOR_20260827_1",2026-08-27,"B001"
"P01650","TOR_20260827_1_PA015","TOR_20260827_1",2026-08-27,"B008"
"P01653","TOR_20260827_1_PA016","TOR_20260827_1",2026-08-27,"B007"
"P01654","TOR_20260827_1_PA017","TOR_20260827_1",2026-08-27,"B013"
"P01657","TOR_20260827_1_PA018","TOR_20260827_1",2026-08-27,"B014"
"P01661","TOR_20260827_1_PA019","TOR_20260827_1",2026-08-27,"B005"
"P01665","TOR_20260827_1_PA020","TOR_20260827_1",2026-08-27,"B017"
"P01668","TOR_20260827_1_PA021","TOR_20260827_1",2026-08-27,"B001"
"P01671","TOR_20260827_1_PA022","TOR_20260827_1",2026-08-27,"B009"
"P01672","TOR_20260827_1_PA023","TOR_20260827_1",2026-08-27,"B012"
"P01676","TOR_20260827_1_PA024","TOR_20260827_1",2026-08-27,"B008"
"P01679","TOR_20260827_1_PA025","TOR_20260827_1",2026-08-27,"B007"
"P01681","TOR_20260827_1_PA026","TOR_20260827_1",2026-08-27,"B013"
"P01688","TOR_20260827_1_PA027","TOR_20260827_1",2026-08-27,"B014"
"P01691","TOR_20260827_1_PA028","TOR_20260827_1",2026-08-27,"B005"
"P01693","TOR_20260827_1_PA029","TOR_20260827_1",2026-08-27,"B017"
"P01696","TOR_20260827_1_PA030","TOR_20260827_1",2026-08-27,"B001"
"P01700","TOR_20260827_1_PA031","TOR_20260827_1",2026-08-27,"B009"
"P01702","TOR_20260827_1_PA032","TOR_20260827_1",2026-08-27,"B012"
"P01705","TOR_20260827_1_PA033","TOR_20260827_1",2026-08-27,"B008"
"P01708","TOR_20260827_1_PA034","TOR_20260827_1",2026-08-27,"B007"
"P01713","TOR_20260827_1_PA035","TOR_20260827_1",2026-08-27,"B013"
"P01717","TOR_20260828_1_PA001","TOR_20260828_1",2026-08-28,"B004"
"P01719","TOR_20260828_1_PA002","TOR_20260828_1",2026-08-28,"B014"
"P01722","TOR_20260828_1_PA003","TOR_20260828_1",2026-08-28,"B017"
"P01723","TOR_20260828_1_PA004","TOR_20260828_1",2026-08-28,"B009"
"P01726","TOR_20260828_1_PA005","TOR_20260828_1",2026-08-28,"B010"
"P01731","TOR_20260828_1_PA006","TOR_20260828_1",2026-08-28,"B012"
"P01735","TOR_20260828_1_PA007","TOR_20260828_1",2026-08-28,"B002"
"P01736","TOR_20260828_1_PA008","TOR_20260828_1",2026-08-28,"B008"
"P01737","TOR_20260828_1_PA009","TOR_20260828_1",2026-08-28,"B003"
"P01740","TOR_20260828_1_PA010","TOR_20260828_1",2026-08-28,"B004"
"P01743","TOR_20260828_1_PA011","TOR_20260828_1",2026-08-28,"B014"
"P01744","TOR_20260828_1_PA012","TOR_20260828_1",2026-08-28,"B017"
"P01745","TOR_20260828_1_PA013","TOR_20260828_1",2026-08-28,"B009"
"P01747","TOR_20260828_1_PA014","TOR_20260828_1",2026-08-28,"B010"
"P01750","TOR_20260828_1_PA015","TOR_20260828_1",2026-08-28,"B012"
"P01753","TOR_20260828_1_PA016","TOR_20260828_1",2026-08-28,"B002"
"P01755","TOR_20260828_1_PA017","TOR_20260828_1",2026-08-28,"B008"
"P01757","TOR_20260828_1_PA018","TOR_20260828_1",2026-08-28,"B003"
"P01761","TOR_20260828_1_PA019","TOR_20260828_1",2026-08-28,"B004"
"P01764","TOR_20260828_1_PA020","TOR_20260828_1",2026-08-28,"B014"
"P01767","TOR_20260828_1_PA021","TOR_20260828_1",2026-08-28,"B017"
"P01772","TOR_20260828_1_PA022","TOR_20260828_1",2026-08-28,"B009"
"P01777","TOR_20260828_1_PA023","TOR_20260828_1",2026-08-28,"B010"
"P01782","TOR_20260828_1_PA024","TOR_20260828_1",2026-08-28,"B012"
"P01787","TOR_20260828_1_PA025","TOR_20260828_1",2026-08-28,"B002"
"P01789","TOR_20260828_1_PA026","TOR_20260828_1",2026-08-28,"B008"
"P01796","TOR_20260828_1_PA027","TOR_20260828_1",2026-08-28,"B003"
"P01805","TOR_20260828_1_PA028","TOR_20260828_1",2026-08-28,"B004"
"P01806","TOR_20260828_1_PA029","TOR_20260828_1",2026-08-28,"B014"
"P01814","TOR_20260828_1_PA030","TOR_20260828_1",2026-08-28,"B017"
"P01817","TOR_20260828_1_PA031","TOR_20260828_1",2026-08-28,"B009"
"P01821","TOR_20260828_1_PA032","TOR_20260828_1",2026-08-28,"B013"
"P01824","TOR_20260828_1_PA033","TOR_20260828_1",2026-08-28,"B012"
"P01825","TOR_20260828_1_PA034","TOR_20260828_1",2026-08-28,"B002"
"P01830","TOR_20260828_1_PA035","TOR_20260828_1",2026-08-28,"B008"
"P01836","TOR_20260828_1_PA036","TOR_20260828_1",2026-08-28,"B003"
"P01837","TOR_20260828_1_PA037","TOR_20260828_1",2026-08-28,"B004"
"P01844","TOR_20260828_1_PA038","TOR_20260828_1",2026-08-28,"B014"
"P01851","TOR_20260829_1_PA001","TOR_20260829_1",2026-08-29,"B004"
"P01856","TOR_20260829_1_PA002","TOR_20260829_1",2026-08-29,"B001"
"P01860","TOR_20260829_1_PA003","TOR_20260829_1",2026-08-29,"B017"
"P01864","TOR_20260829_1_PA004","TOR_20260829_1",2026-08-29,"B009"
"P01867","TOR_20260829_1_PA005","TOR_20260829_1",2026-08-29,"B012"
"P01873","TOR_20260829_1_PA006","TOR_20260829_1",2026-08-29,"B005"
"P01878","TOR_20260829_1_PA007","TOR_20260829_1",2026-08-29,"B008"
"P01887","TOR_20260829_1_PA008","TOR_20260829_1",2026-08-29,"B007"
"P01891","TOR_20260829_1_PA009","TOR_20260829_1",2026-08-29,"B013"
"P01892","TOR_20260829_1_PA010","TOR_20260829_1",2026-08-29,"B004"
"P01898","TOR_20260829_1_PA011","TOR_20260829_1",2026-08-29,"B001"
"P01904","TOR_20260829_1_PA012","TOR_20260829_1",2026-08-29,"B017"
"P01907","TOR_20260829_1_PA013","TOR_20260829_1",2026-08-29,"B009"
"P01908","TOR_20260829_1_PA014","TOR_20260829_1",2026-08-29,"B012"
"P01915","TOR_20260829_1_PA015","TOR_20260829_1",2026-08-29,"B005"
"P01918","TOR_20260829_1_PA016","TOR_20260829_1",2026-08-29,"B008"
"P01921","TOR_20260829_1_PA017","TOR_20260829_1",2026-08-29,"B007"
"P01924","TOR_20260829_1_PA018","TOR_20260829_1",2026-08-29,"B013"
"P01931","TOR_20260829_1_PA019","TOR_20260829_1",2026-08-29,"B004"
"P01936","TOR_20260829_1_PA020","TOR_20260829_1",2026-08-29,"B001"
"P01942","TOR_20260829_1_PA021","TOR_20260829_1",2026-08-29,"B017"
"P01948","TOR_20260829_1_PA022","TOR_20260829_1",2026-08-29,"B009"
"P01954","TOR_20260829_1_PA023","TOR_20260829_1",2026-08-29,"B012"
"P01959","TOR_20260829_1_PA024","TOR_20260829_1",2026-08-29,"B005"
"P01965","TOR_20260829_1_PA025","TOR_20260829_1",2026-08-29,"B008"
"P01966","TOR_20260829_1_PA026","TOR_20260829_1",2026-08-29,"B007"
"P01968","TOR_20260829_1_PA027","TOR_20260829_1",2026-08-29,"B013"
"P01976","TOR_20260829_1_PA028","TOR_20260829_1",2026-08-29,"B004"
"P01980","TOR_20260829_1_PA029","TOR_20260829_1",2026-08-29,"B001"
"P01985","TOR_20260829_1_PA030","TOR_20260829_1",2026-08-29,"B017"
"P01988","TOR_20260829_1_PA031","TOR_20260829_1",2026-08-29,"B009"
"P01990","TOR_20260829_1_PA032","TOR_20260829_1",2026-08-29,"B012"
"P01994","TOR_20260829_1_PA033","TOR_20260829_1",2026-08-29,"B010"
"P01998","TOR_20260829_1_PA034","TOR_20260829_1",2026-08-29,"B008"
"P02003","TOR_20260829_1_PA035","TOR_20260829_1",2026-08-29,"B014"
"P02005","TOR_20260829_1_PA036","TOR_20260829_1",2026-08-29,"B013"
"P02006","TOR_20260830_1_PA001","TOR_20260830_1",2026-08-30,"B004"
"P02012","TOR_20260830_1_PA002","TOR_20260830_1",2026-08-30,"B017"
"P02015","TOR_20260830_1_PA003","TOR_20260830_1",2026-08-30,"B001"
"P02018","TOR_20260830_1_PA004","TOR_20260830_1",2026-08-30,"B009"
"P02023","TOR_20260830_1_PA005","TOR_20260830_1",2026-08-30,"B014"
"P02031","TOR_20260830_1_PA006","TOR_20260830_1",2026-08-30,"B012"
"P02038","TOR_20260830_1_PA007","TOR_20260830_1",2026-08-30,"B002"
"P02044","TOR_20260830_1_PA008","TOR_20260830_1",2026-08-30,"B005"
"P02046","TOR_20260830_1_PA009","TOR_20260830_1",2026-08-30,"B013"
"P02048","TOR_20260830_1_PA010","TOR_20260830_1",2026-08-30,"B004"
"P02052","TOR_20260830_1_PA011","TOR_20260830_1",2026-08-30,"B017"
"P02057","TOR_20260830_1_PA012","TOR_20260830_1",2026-08-30,"B001"
"P02061","TOR_20260830_1_PA013","TOR_20260830_1",2026-08-30,"B009"
"P02062","TOR_20260830_1_PA014","TOR_20260830_1",2026-08-30,"B014"
"P02068","TOR_20260830_1_PA015","TOR_20260830_1",2026-08-30,"B012"
"P02069","TOR_20260830_1_PA016","TOR_20260830_1",2026-08-30,"B002"
"P02072","TOR_20260830_1_PA017","TOR_20260830_1",2026-08-30,"B005"
"P02075","TOR_20260830_1_PA018","TOR_20260830_1",2026-08-30,"B013"
"P02078","TOR_20260830_1_PA019","TOR_20260830_1",2026-08-30,"B004"
"P02079","TOR_20260830_1_PA020","TOR_20260830_1",2026-08-30,"B017"
"P02086","TOR_20260830_1_PA021","TOR_20260830_1",2026-08-30,"B001"
"P02089","TOR_20260830_1_PA022","TOR_20260830_1",2026-08-30,"B009"
"P02093","TOR_20260830_1_PA023","TOR_20260830_1",2026-08-30,"B014"
"P02098","TOR_20260830_1_PA024","TOR_20260830_1",2026-08-30,"B012"
"P02099","TOR_20260830_1_PA025","TOR_20260830_1",2026-08-30,"B002"
"P02103","TOR_20260830_1_PA026","TOR_20260830_1",2026-08-30,"B005"
"P02107","TOR_20260830_1_PA027","TOR_20260830_1",2026-08-30,"B013"
"P02109","TOR_20260830_1_PA028","TOR_20260830_1",2026-08-30,"B004"
"P02114","TOR_20260830_1_PA029","TOR_20260830_1",2026-08-30,"B017"
"P02119","TOR_20260830_1_PA030","TOR_20260830_1",2026-08-30,"B001"
"P02123","TOR_20260830_1_PA031","TOR_20260830_1",2026-08-30,"B009"
"P02128","TOR_20260830_1_PA032","TOR_20260830_1",2026-08-30,"B014"
"P02130","TOR_20260830_1_PA033","TOR_20260830_1",2026-08-30,"B012"
"P02134","TOR_20260830_1_PA034","TOR_20260830_1",2026-08-30,"B002"
"P02135","TOR_20260830_1_PA035","TOR_20260830_1",2026-08-30,"B008"
"P02137","TOR_20260830_1_PA036","TOR_20260830_1",2026-08-30,"B013"
"P02142","TOR_20260830_1_PA037","TOR_20260830_1",2026-08-30,"B004"
"P02147","TOR_20260830_1_PA038","TOR_20260830_1",2026-08-30,"B017"
"P02152","TOR_20260901_1_PA001","TOR_20260901_1",2026-09-01,"B004"
"P02156","TOR_20260901_1_PA002","TOR_20260901_1",2026-09-01,"B001"
"P02162","TOR_20260901_1_PA003","TOR_20260901_1",2026-09-01,"B017"
"P02164","TOR_20260901_1_PA004","TOR_20260901_1",2026-09-01,"B009"
"P02168","TOR_20260901_1_PA005","TOR_20260901_1",2026-09-01,"B014"
"P02171","TOR_20260901_1_PA006","TOR_20260901_1",2026-09-01,"B012"
"P02176","TOR_20260901_1_PA007","TOR_20260901_1",2026-09-01,"B002"
"P02179","TOR_20260901_1_PA008","TOR_20260901_1",2026-09-01,"B008"
"P02182","TOR_20260901_1_PA009","TOR_20260901_1",2026-09-01,"B013"
"P02185","TOR_20260901_1_PA010","TOR_20260901_1",2026-09-01,"B004"
"P02192","TOR_20260901_1_PA011","TOR_20260901_1",2026-09-01,"B001"
"P02193","TOR_20260901_1_PA012","TOR_20260901_1",2026-09-01,"B017"
"P02199","TOR_20260901_1_PA013","TOR_20260901_1",2026-09-01,"B009"
"P02203","TOR_20260901_1_PA014","TOR_20260901_1",2026-09-01,"B014"
"P02204","TOR_20260901_1_PA015","TOR_20260901_1",2026-09-01,"B012"
"P02205","TOR_20260901_1_PA016","TOR_20260901_1",2026-09-01,"B002"
"P02208","TOR_20260901_1_PA017","TOR_20260901_1",2026-09-01,"B008"
"P02214","TOR_20260901_1_PA018","TOR_20260901_1",2026-09-01,"B013"
"P02219","TOR_20260901_1_PA019","TOR_20260901_1",2026-09-01,"B004"
"P02223","TOR_20260901_1_PA020","TOR_20260901_1",2026-09-01,"B001"
"P02228","TOR_20260901_1_PA021","TOR_20260901_1",2026-09-01,"B017"
"P02232","TOR_20260901_1_PA022","TOR_20260901_1",2026-09-01,"B009"
"P02236","TOR_20260901_1_PA023","TOR_20260901_1",2026-09-01,"B014"
"P02240","TOR_20260901_1_PA024","TOR_20260901_1",2026-09-01,"B012"
"P02245","TOR_20260901_1_PA025","TOR_20260901_1",2026-09-01,"B002"
"P02248","TOR_20260901_1_PA026","TOR_20260901_1",2026-09-01,"B008"
"P02251","TOR_20260901_1_PA027","TOR_20260901_1",2026-09-01,"B010"
"P02256","TOR_20260901_1_PA028","TOR_20260901_1",2026-09-01,"B004"
"P02257","TOR_20260901_1_PA029","TOR_20260901_1",2026-09-01,"B001"
"P02265","TOR_20260901_1_PA030","TOR_20260901_1",2026-09-01,"B017"
"P02268","TOR_20260901_1_PA031","TOR_20260901_1",2026-09-01,"B009"
"P02273","TOR_20260901_1_PA032","TOR_20260901_1",2026-09-01,"B014"
"P02275","TOR_20260902_1_PA001","TOR_20260902_1",2026-09-02,"B004"
"P02276","TOR_20260902_1_PA002","TOR_20260902_1",2026-09-02,"B009"
"P02277","TOR_20260902_1_PA003","TOR_20260902_1",2026-09-02,"B017"
"P02279","TOR_20260902_1_PA004","TOR_20260902_1",2026-09-02,"B001"
"P02285","TOR_20260902_1_PA005","TOR_20260902_1",2026-09-02,"B012"
"P02288","TOR_20260902_1_PA006","TOR_20260902_1",2026-09-02,"B014"
"P02291","TOR_20260902_1_PA007","TOR_20260902_1",2026-09-02,"B008"
"P02292","TOR_20260902_1_PA008","TOR_20260902_1",2026-09-02,"B002"
"P02297","TOR_20260902_1_PA009","TOR_20260902_1",2026-09-02,"B013"
"P02304","TOR_20260902_1_PA010","TOR_20260902_1",2026-09-02,"B004"
"P02307","TOR_20260902_1_PA011","TOR_20260902_1",2026-09-02,"B009"
"P02311","TOR_20260902_1_PA012","TOR_20260902_1",2026-09-02,"B017"
"P02313","TOR_20260902_1_PA013","TOR_20260902_1",2026-09-02,"B001"
"P02318","TOR_20260902_1_PA014","TOR_20260902_1",2026-09-02,"B012"
"P02323","TOR_20260902_1_PA015","TOR_20260902_1",2026-09-02,"B014"
"P02326","TOR_20260902_1_PA016","TOR_20260902_1",2026-09-02,"B008"
"P02330","TOR_20260902_1_PA017","TOR_20260902_1",2026-09-02,"B002"
"P02337","TOR_20260902_1_PA018","TOR_20260902_1",2026-09-02,"B013"
"P02340","TOR_20260902_1_PA019","TOR_20260902_1",2026-09-02,"B004"
"P02346","TOR_20260902_1_PA020","TOR_20260902_1",2026-09-02,"B009"
"P02349","TOR_20260902_1_PA021","TOR_20260902_1",2026-09-02,"B017"
"P02351","TOR_20260902_1_PA022","TOR_20260902_1",2026-09-02,"B001"
"P02356","TOR_20260902_1_PA023","TOR_20260902_1",2026-09-02,"B012"
"P02362","TOR_20260902_1_PA024","TOR_20260902_1",2026-09-02,"B014"
"P02363","TOR_20260902_1_PA025","TOR_20260902_1",2026-09-02,"B008"
"P02366","TOR_20260902_1_PA026","TOR_20260902_1",2026-09-02,"B002"
"P02372","TOR_20260902_1_PA027","TOR_20260902_1",2026-09-02,"B013"
"P02373","TOR_20260902_1_PA028","TOR_20260902_1",2026-09-02,"B004"
"P02378","TOR_20260902_1_PA029","TOR_20260902_1",2026-09-02,"B009"
"P02382","TOR_20260902_1_PA030","TOR_20260902_1",2026-09-02,"B017"
"P02385","TOR_20260902_1_PA031","TOR_20260902_1",2026-09-02,"B001"
"P02386","TOR_20260902_1_PA032","TOR_20260902_1",2026-09-02,"B012"
"P02389","TOR_20260902_1_PA033","TOR_20260902_1",2026-09-02,"B014"
"P02394","TOR_20260902_1_PA034","TOR_20260902_1",2026-09-02,"B008"
"P02396","TOR_20260902_1_PA035","TOR_20260902_1",2026-09-02,"B011"
"P02398","TOR_20260902_1_PA036","TOR_20260902_1",2026-09-02,"B013"
"P02403","TOR_20260902_1_PA037","TOR_20260902_1",2026-09-02,"B004"
"P02406","TOR_20260902_1_PA038","TOR_20260902_1",2026-09-02,"B010"
"P02411","TOR_20260902_1_PA040","TOR_20260902_1",2026-09-02,"B001"
"P02417","TOR_20260902_1_PA041","TOR_20260902_1",2026-09-02,"B005"
"P02421","TOR_20260902_1_PA042","TOR_20260902_1",2026-09-02,"B014"
"P02424","TOR_20260902_1_PA043","TOR_20260902_1",2026-09-02,"B008"
"P02426","TOR_20260902_1_PA044","TOR_20260902_1",2026-09-02,"B011"
"P02428","TOR_20260903_1_PA001","TOR_20260903_1",2026-09-03,"B004"
"P02433","TOR_20260903_1_PA002","TOR_20260903_1",2026-09-03,"B014"
"P02437","TOR_20260903_1_PA003","TOR_20260903_1",2026-09-03,"B017"
"P02441","TOR_20260903_1_PA004","TOR_20260903_1",2026-09-03,"B010"
"P02449","TOR_20260903_1_PA005","TOR_20260903_1",2026-09-03,"B016"
"P02456","TOR_20260903_1_PA006","TOR_20260903_1",2026-09-03,"B002"
"P02460","TOR_20260903_1_PA007","TOR_20260903_1",2026-09-03,"B008"
"P02463","TOR_20260903_1_PA008","TOR_20260903_1",2026-09-03,"B003"
"P02469","TOR_20260903_1_PA009","TOR_20260903_1",2026-09-03,"B004"
"P02471","TOR_20260903_1_PA010","TOR_20260903_1",2026-09-03,"B014"
"P02475","TOR_20260903_1_PA011","TOR_20260903_1",2026-09-03,"B017"
"P02483","TOR_20260903_1_PA012","TOR_20260903_1",2026-09-03,"B010"
"P02484","TOR_20260903_1_PA013","TOR_20260903_1",2026-09-03,"B016"
"P02487","TOR_20260903_1_PA014","TOR_20260903_1",2026-09-03,"B011"
"P02493","TOR_20260903_1_PA015","TOR_20260903_1",2026-09-03,"B002"
"P02498","TOR_20260903_1_PA016","TOR_20260903_1",2026-09-03,"B008"
"P02502","TOR_20260903_1_PA017","TOR_20260903_1",2026-09-03,"B003"
"P02509","TOR_20260903_1_PA018","TOR_20260903_1",2026-09-03,"B004"
"P02510","TOR_20260903_1_PA019","TOR_20260903_1",2026-09-03,"B014"
"P02512","TOR_20260903_1_PA020","TOR_20260903_1",2026-09-03,"B017"
"P02516","TOR_20260903_1_PA021","TOR_20260903_1",2026-09-03,"B010"
"P02521","TOR_20260903_1_PA022","TOR_20260903_1",2026-09-03,"B016"
"P02526","TOR_20260903_1_PA023","TOR_20260903_1",2026-09-03,"B011"
"P02534","TOR_20260903_1_PA024","TOR_20260903_1",2026-09-03,"B002"
"P02538","TOR_20260903_1_PA025","TOR_20260903_1",2026-09-03,"B008"
"P02540","TOR_20260903_1_PA026","TOR_20260903_1",2026-09-03,"B003"
"P02543","TOR_20260903_1_PA027","TOR_20260903_1",2026-09-03,"B004"
"P02545","TOR_20260903_1_PA028","TOR_20260903_1",2026-09-03,"B014"
"P02550","TOR_20260903_1_PA029","TOR_20260903_1",2026-09-03,"B017"
"P02552","TOR_20260903_1_PA030","TOR_20260903_1",2026-09-03,"B013"
"P02558","TOR_20260903_1_PA031","TOR_20260903_1",2026-09-03,"B016"
"P02564","TOR_20260903_1_PA032","TOR_20260903_1",2026-09-03,"B011"
"P02568","TOR_20260903_1_PA033","TOR_20260903_1",2026-09-03,"B002"
"P02573","TOR_20260903_1_PA034","TOR_20260903_1",2026-09-03,"B008"
"P02577","TOR_20260903_1_PA035","TOR_20260903_1",2026-09-03,"B003"
"P02582","TOR_20260903_1_PA036","TOR_20260903_1",2026-09-03,"B004"
"P02589","TOR_20260903_1_PA037","TOR_20260903_1",2026-09-03,"B014"
"P02593","TOR_20260903_1_PA038","TOR_20260903_1",2026-09-03,"B017"
"P02597","TOR_20260903_1_PA039","TOR_20260903_1",2026-09-03,"B013"
"P02601","TOR_20260903_1_PA040","TOR_20260903_1",2026-09-03,"B016"
"P02607","TOR_20260903_1_PA041","TOR_20260903_1",2026-09-03,"B011"
"P02611","TOR_20260903_1_PA042","TOR_20260903_1",2026-09-03,"B002"
"P02613","TOR_20260903_1_PA043","TOR_20260903_1",2026-09-03,"B008"
"P02618","TOR_20260903_1_PA044","TOR_20260903_1",2026-09-03,"B003"
"P02623","TOR_20260904_1_PA001","TOR_20260904_1",2026-09-04,"B004"
"P02624","TOR_20260904_1_PA002","TOR_20260904_1",2026-09-04,"B009"
"P02628","TOR_20260904_1_PA003","TOR_20260904_1",2026-09-04,"B017"
"P02631","TOR_20260904_1_PA004","TOR_20260904_1",2026-09-04,"B001"
"P02633","TOR_20260904_1_PA005","TOR_20260904_1",2026-09-04,"B012"
"P02637","TOR_20260904_1_PA006","TOR_20260904_1",2026-09-04,"B005"
"P02642","TOR_20260904_1_PA007","TOR_20260904_1",2026-09-04,"B008"
"P02643","TOR_20260904_1_PA008","TOR_20260904_1",2026-09-04,"B014"
"P02646","TOR_20260904_1_PA009","TOR_20260904_1",2026-09-04,"B013"
"P02652","TOR_20260904_1_PA010","TOR_20260904_1",2026-09-04,"B004"
"P02656","TOR_20260904_1_PA011","TOR_20260904_1",2026-09-04,"B009"
"P02658","TOR_20260904_1_PA012","TOR_20260904_1",2026-09-04,"B017"
"P02659","TOR_20260904_1_PA013","TOR_20260904_1",2026-09-04,"B001"
"P02662","TOR_20260904_1_PA014","TOR_20260904_1",2026-09-04,"B012"
"P02667","TOR_20260904_1_PA015","TOR_20260904_1",2026-09-04,"B005"
"P02672","TOR_20260904_1_PA016","TOR_20260904_1",2026-09-04,"B008"
"P02674","TOR_20260904_1_PA017","TOR_20260904_1",2026-09-04,"B014"
"P02676","TOR_20260904_1_PA018","TOR_20260904_1",2026-09-04,"B013"
"P02677","TOR_20260904_1_PA019","TOR_20260904_1",2026-09-04,"B004"
"P02680","TOR_20260904_1_PA020","TOR_20260904_1",2026-09-04,"B009"
"P02682","TOR_20260904_1_PA021","TOR_20260904_1",2026-09-04,"B017"
"P02687","TOR_20260904_1_PA022","TOR_20260904_1",2026-09-04,"B001"
"P02691","TOR_20260904_1_PA023","TOR_20260904_1",2026-09-04,"B012"
"P02692","TOR_20260904_1_PA024","TOR_20260904_1",2026-09-04,"B005"
"P02696","TOR_20260904_1_PA025","TOR_20260904_1",2026-09-04,"B008"
"P02698","TOR_20260904_1_PA026","TOR_20260904_1",2026-09-04,"B014"
"P02706","TOR_20260904_1_PA027","TOR_20260904_1",2026-09-04,"B013"
"P02707","TOR_20260904_1_PA028","TOR_20260904_1",2026-09-04,"B004"
"P02712","TOR_20260904_1_PA029","TOR_20260904_1",2026-09-04,"B009"
"P02715","TOR_20260904_1_PA030","TOR_20260904_1",2026-09-04,"B017"
"P02717","TOR_20260904_1_PA031","TOR_20260904_1",2026-09-04,"B001"
"P02719","TOR_20260904_1_PA032","TOR_20260904_1",2026-09-04,"B012"
"P02722","TOR_20260904_1_PA033","TOR_20260904_1",2026-09-04,"B011"
"P02726","TOR_20260904_1_PA034","TOR_20260904_1",2026-09-04,"B005"
"P02727","TOR_20260904_1_PA035","TOR_20260904_1",2026-09-04,"B014"
"P02729","TOR_20260904_1_PA036","TOR_20260904_1",2026-09-04,"B013"
"P02734","TOR_20260904_1_PA037","TOR_20260904_1",2026-09-04,"B004"
"P02741","TOR_20260904_1_PA038","TOR_20260904_1",2026-09-04,"B009"
"P02743","TOR_20260904_1_PA039","TOR_20260904_1",2026-09-04,"B016"
"P02745","TOR_20260904_1_PA040","TOR_20260904_1",2026-09-04,"B001"
"P02748","TOR_20260904_1_PA041","TOR_20260904_1",2026-09-04,"B012"
"P02753","TOR_20260904_1_PA042","TOR_20260904_1",2026-09-04,"B011"
"P02757","TOR_20260904_1_PA043","TOR_20260904_1",2026-09-04,"B008"
"P02760","TOR_20260905_1_PA001","TOR_20260905_1",2026-09-05,"B004"
"P02766","TOR_20260905_1_PA002","TOR_20260905_1",2026-09-05,"B009"
"P02772","TOR_20260905_1_PA003","TOR_20260905_1",2026-09-05,"B017"
"P02774","TOR_20260905_1_PA004","TOR_20260905_1",2026-09-05,"B001"
"P02778","TOR_20260905_1_PA005","TOR_20260905_1",2026-09-05,"B014"
"P02783","TOR_20260905_1_PA006","TOR_20260905_1",2026-09-05,"B012"
"P02791","TOR_20260905_1_PA007","TOR_20260905_1",2026-09-05,"B002"
"P02795","TOR_20260905_1_PA008","TOR_20260905_1",2026-09-05,"B008"
"P02801","TOR_20260905_1_PA009","TOR_20260905_1",2026-09-05,"B013"
"P02806","TOR_20260905_1_PA010","TOR_20260905_1",2026-09-05,"B004"
"P02811","TOR_20260905_1_PA011","TOR_20260905_1",2026-09-05,"B009"
"P02813","TOR_20260905_1_PA012","TOR_20260905_1",2026-09-05,"B017"
"P02817","TOR_20260905_1_PA013","TOR_20260905_1",2026-09-05,"B001"
"P02818","TOR_20260905_1_PA014","TOR_20260905_1",2026-09-05,"B014"
"P02821","TOR_20260905_1_PA015","TOR_20260905_1",2026-09-05,"B012"
"P02824","TOR_20260905_1_PA016","TOR_20260905_1",2026-09-05,"B002"
"P02831","TOR_20260905_1_PA017","TOR_20260905_1",2026-09-05,"B008"
"P02833","TOR_20260905_1_PA018","TOR_20260905_1",2026-09-05,"B013"
"P02835","TOR_20260905_1_PA019","TOR_20260905_1",2026-09-05,"B004"
"P02839","TOR_20260905_1_PA020","TOR_20260905_1",2026-09-05,"B009"
"P02840","TOR_20260905_1_PA021","TOR_20260905_1",2026-09-05,"B017"
"P02847","TOR_20260905_1_PA022","TOR_20260905_1",2026-09-05,"B001"
"P02852","TOR_20260905_1_PA023","TOR_20260905_1",2026-09-05,"B014"
"P02856","TOR_20260905_1_PA024","TOR_20260905_1",2026-09-05,"B012"
"P02860","TOR_20260905_1_PA025","TOR_20260905_1",2026-09-05,"B002"
"P02865","TOR_20260905_1_PA026","TOR_20260905_1",2026-09-05,"B008"
"P02868","TOR_20260905_1_PA027","TOR_20260905_1",2026-09-05,"B013"
"P02873","TOR_20260905_1_PA028","TOR_20260905_1",2026-09-05,"B004"
"P02875","TOR_20260905_1_PA029","TOR_20260905_1",2026-09-05,"B009"
"P02881","TOR_20260905_1_PA030","TOR_20260905_1",2026-09-05,"B017"
"P02885","TOR_20260905_1_PA031","TOR_20260905_1",2026-09-05,"B001"
"P02888","TOR_20260905_1_PA032","TOR_20260905_1",2026-09-05,"B014"
"P02891","TOR_20260905_1_PA033","TOR_20260905_1",2026-09-05,"B012"
"P02892","TOR_20260905_1_PA034","TOR_20260905_1",2026-09-05,"B002"
"P02897","TOR_20260905_1_PA035","TOR_20260905_1",2026-09-05,"B008"
"P02901","TOR_20260905_1_PA036","TOR_20260905_1",2026-09-05,"B013"
"P02906","TOR_20260905_1_PA037","TOR_20260905_1",2026-09-05,"B004"
"P02909","TOR_20260905_1_PA038","TOR_20260905_1",2026-09-05,"B009"
"P02911","TOR_20260905_1_PA039","TOR_20260905_1",2026-09-05,"B017"
"P02913","TOR_20260905_1_PA040","TOR_20260905_1",2026-09-05,"B001"
"P02915","TOR_20260905_1_PA041","TOR_20260905_1",2026-09-05,"B014"
"P02917","TOR_20260905_1_PA042","TOR_20260905_1",2026-09-05,"B012"
"P02920","TOR_20260906_1_PA001","TOR_20260906_1",2026-09-06,"B004"
"P02924","TOR_20260906_1_PA002","TOR_20260906_1",2026-09-06,"B014"
"P02926","TOR_20260906_1_PA003","TOR_20260906_1",2026-09-06,"B017"
"P02929","TOR_20260906_1_PA004","TOR_20260906_1",2026-09-06,"B010"
"P02934","TOR_20260906_1_PA005","TOR_20260906_1",2026-09-06,"B012"
"P02940","TOR_20260906_1_PA006","TOR_20260906_1",2026-09-06,"B016"
"P02946","TOR_20260906_1_PA007","TOR_20260906_1",2026-09-06,"B011"
"P02949","TOR_20260906_1_PA008","TOR_20260906_1",2026-09-06,"B002"
"P02955","TOR_20260906_1_PA009","TOR_20260906_1",2026-09-06,"B003"
"P02959","TOR_20260906_1_PA010","TOR_20260906_1",2026-09-06,"B004"
"P02960","TOR_20260906_1_PA011","TOR_20260906_1",2026-09-06,"B014"
"P02965","TOR_20260906_1_PA012","TOR_20260906_1",2026-09-06,"B017"
"P02967","TOR_20260906_1_PA013","TOR_20260906_1",2026-09-06,"B010"
"P02971","TOR_20260906_1_PA014","TOR_20260906_1",2026-09-06,"B012"
"P02975","TOR_20260906_1_PA015","TOR_20260906_1",2026-09-06,"B016"
"P02979","TOR_20260906_1_PA016","TOR_20260906_1",2026-09-06,"B011"
"P02987","TOR_20260906_1_PA017","TOR_20260906_1",2026-09-06,"B002"
"P02988","TOR_20260906_1_PA018","TOR_20260906_1",2026-09-06,"B003"
"P02993","TOR_20260906_1_PA019","TOR_20260906_1",2026-09-06,"B004"
"P02997","TOR_20260906_1_PA020","TOR_20260906_1",2026-09-06,"B014"
"P02999","TOR_20260906_1_PA021","TOR_20260906_1",2026-09-06,"B017"
"P03004","TOR_20260906_1_PA022","TOR_20260906_1",2026-09-06,"B013"
"P03010","TOR_20260906_1_PA023","TOR_20260906_1",2026-09-06,"B012"
"P03014","TOR_20260906_1_PA024","TOR_20260906_1",2026-09-06,"B005"
"P03019","TOR_20260906_1_PA025","TOR_20260906_1",2026-09-06,"B009"
"P03024","TOR_20260906_1_PA026","TOR_20260906_1",2026-09-06,"B002"
"P03026","TOR_20260906_1_PA027","TOR_20260906_1",2026-09-06,"B003"
"P03029","TOR_20260906_1_PA028","TOR_20260906_1",2026-09-06,"B004"
"P03031","TOR_20260906_1_PA029","TOR_20260906_1",2026-09-06,"B014"
"P03036","TOR_20260906_1_PA030","TOR_20260906_1",2026-09-06,"B017"
"P03043","TOR_20260906_1_PA031","TOR_20260906_1",2026-09-06,"B013"
"P03044","TOR_20260906_1_PA032","TOR_20260906_1",2026-09-06,"B012"
"P03051","TOR_20260906_1_PA033","TOR_20260906_1",2026-09-06,"B005"
"P03056","TOR_20260906_1_PA034","TOR_20260906_1",2026-09-06,"B008"
"P03058","TOR_20260907_1_PA001","TOR_20260907_1",2026-09-07,"B004"
"P03062","TOR_20260907_1_PA002","TOR_20260907_1",2026-09-07,"B009"
"P03066","TOR_20260907_1_PA003","TOR_20260907_1",2026-09-07,"B017"
"P03072","TOR_20260907_1_PA004","TOR_20260907_1",2026-09-07,"B001"
"P03074","TOR_20260907_1_PA005","TOR_20260907_1",2026-09-07,"B012"
"P03078","TOR_20260907_1_PA006","TOR_20260907_1",2026-09-07,"B014"
"P03081","TOR_20260907_1_PA007","TOR_20260907_1",2026-09-07,"B008"
"P03084","TOR_20260907_1_PA008","TOR_20260907_1",2026-09-07,"B002"
"P03086","TOR_20260907_1_PA009","TOR_20260907_1",2026-09-07,"B013"
"P03091","TOR_20260907_1_PA010","TOR_20260907_1",2026-09-07,"B004"
"P03093","TOR_20260907_1_PA011","TOR_20260907_1",2026-09-07,"B009"
"P03099","TOR_20260907_1_PA012","TOR_20260907_1",2026-09-07,"B017"
"P03103","TOR_20260907_1_PA013","TOR_20260907_1",2026-09-07,"B001"
"P03106","TOR_20260907_1_PA014","TOR_20260907_1",2026-09-07,"B012"
"P03109","TOR_20260907_1_PA015","TOR_20260907_1",2026-09-07,"B014"
"P03114","TOR_20260907_1_PA016","TOR_20260907_1",2026-09-07,"B008"
"P03118","TOR_20260907_1_PA017","TOR_20260907_1",2026-09-07,"B002"
"P03122","TOR_20260907_1_PA018","TOR_20260907_1",2026-09-07,"B013"
"P03125","TOR_20260907_1_PA019","TOR_20260907_1",2026-09-07,"B004"
"P03129","TOR_20260907_1_PA020","TOR_20260907_1",2026-09-07,"B009"
"P03130","TOR_20260907_1_PA021","TOR_20260907_1",2026-09-07,"B017"
"P03132","TOR_20260907_1_PA022","TOR_20260907_1",2026-09-07,"B001"
"P03137","TOR_20260907_1_PA023","TOR_20260907_1",2026-09-07,"B012"
"P03139","TOR_20260907_1_PA024","TOR_20260907_1",2026-09-07,"B014"
"P03143","TOR_20260907_1_PA025","TOR_20260907_1",2026-09-07,"B008"
"P03148","TOR_20260907_1_PA026","TOR_20260907_1",2026-09-07,"B002"
"P03151","TOR_20260907_1_PA027","TOR_20260907_1",2026-09-07,"B011"
"P03154","TOR_20260907_1_PA028","TOR_20260907_1",2026-09-07,"B004"
"P03159","TOR_20260907_1_PA029","TOR_20260907_1",2026-09-07,"B009"
"P03164","TOR_20260907_1_PA030","TOR_20260907_1",2026-09-07,"B017"
"P03168","TOR_20260907_1_PA031","TOR_20260907_1",2026-09-07,"B001"
"P03170","TOR_20260907_1_PA032","TOR_20260907_1",2026-09-07,"B012"
"P03176","TOR_20260907_1_PA033","TOR_20260907_1",2026-09-07,"B014"
"P03179","TOR_20260907_1_PA034","TOR_20260907_1",2026-09-07,"B008"
"P03182","TOR_20260907_1_PA035","TOR_20260907_1",2026-09-07,"B002"
"P03185","TOR_20260907_1_PA036","TOR_20260907_1",2026-09-07,"B011"
"P03189","TOR_20260907_1_PA037","TOR_20260907_1",2026-09-07,"B004"
"P03197","TOR_20260907_1_PA038","TOR_20260907_1",2026-09-07,"B009"
"P03201","TOR_20260908_1_PA001","TOR_20260908_1",2026-09-08,"B004"
"P03204","TOR_20260908_1_PA002","TOR_20260908_1",2026-09-08,"B014"
"P03208","TOR_20260908_1_PA003","TOR_20260908_1",2026-09-08,"B017"
"P03212","TOR_20260908_1_PA004","TOR_20260908_1",2026-09-08,"B001"
"P03217","TOR_20260908_1_PA005","TOR_20260908_1",2026-09-08,"B011"
"P03222","TOR_20260908_1_PA006","TOR_20260908_1",2026-09-08,"B012"
"P03226","TOR_20260908_1_PA007","TOR_20260908_1",2026-09-08,"B002"
"P03230","TOR_20260908_1_PA008","TOR_20260908_1",2026-09-08,"B010"
"P03233","TOR_20260908_1_PA009","TOR_20260908_1",2026-09-08,"B008"
"P03236","TOR_20260908_1_PA010","TOR_20260908_1",2026-09-08,"B004"
"P03241","TOR_20260908_1_PA011","TOR_20260908_1",2026-09-08,"B014"
"P03243","TOR_20260908_1_PA012","TOR_20260908_1",2026-09-08,"B017"
"P03245","TOR_20260908_1_PA013","TOR_20260908_1",2026-09-08,"B001"
"P03247","TOR_20260908_1_PA014","TOR_20260908_1",2026-09-08,"B011"
"P03251","TOR_20260908_1_PA015","TOR_20260908_1",2026-09-08,"B012"
"P03255","TOR_20260908_1_PA016","TOR_20260908_1",2026-09-08,"B002"
"P03261","TOR_20260908_1_PA017","TOR_20260908_1",2026-09-08,"B010"
"P03269","TOR_20260908_1_PA018","TOR_20260908_1",2026-09-08,"B008"
"P03271","TOR_20260908_1_PA019","TOR_20260908_1",2026-09-08,"B004"
"P03277","TOR_20260908_1_PA020","TOR_20260908_1",2026-09-08,"B014"
"P03283","TOR_20260908_1_PA021","TOR_20260908_1",2026-09-08,"B017"
"P03287","TOR_20260908_1_PA022","TOR_20260908_1",2026-09-08,"B001"
"P03294","TOR_20260908_1_PA023","TOR_20260908_1",2026-09-08,"B011"
"P03295","TOR_20260908_1_PA024","TOR_20260908_1",2026-09-08,"B012"
"P03300","TOR_20260908_1_PA025","TOR_20260908_1",2026-09-08,"B002"
"P03303","TOR_20260908_1_PA026","TOR_20260908_1",2026-09-08,"B010"
"P03311","TOR_20260908_1_PA027","TOR_20260908_1",2026-09-08,"B008"
"P03317","TOR_20260908_1_PA028","TOR_20260908_1",2026-09-08,"B004"
"P03321","TOR_20260908_1_PA029","TOR_20260908_1",2026-09-08,"B014"
"P03322","TOR_20260908_1_PA030","TOR_20260908_1",2026-09-08,"B017"
"P03325","TOR_20260908_1_PA031","TOR_20260908_1",2026-09-08,"B001"
"P03329","TOR_20260908_1_PA032","TOR_20260908_1",2026-09-08,"B011"
"P03338","TOR_20260908_1_PA033","TOR_20260908_1",2026-09-08,"B012"
"P03343","TOR_20260908_1_PA034","TOR_20260908_1",2026-09-08,"B002"
"P03348","TOR_20260908_1_PA035","TOR_20260908_1",2026-09-08,"B010"
"P03351","TOR_20260908_1_PA036","TOR_20260908_1",2026-09-08,"B008"
"P03352","TOR_20260909_1_PA001","TOR_20260909_1",2026-09-09,"B004"
"P03356","TOR_20260909_1_PA002","TOR_20260909_1",2026-09-09,"B005"
"P03362","TOR_20260909_1_PA003","TOR_20260909_1",2026-09-09,"B017"
"P03369","TOR_20260909_1_PA004","TOR_20260909_1",2026-09-09,"B001"
"P03371","TOR_20260909_1_PA005","TOR_20260909_1",2026-09-09,"B012"
"P03376","TOR_20260909_1_PA006","TOR_20260909_1",2026-09-09,"B002"
"P03380","TOR_20260909_1_PA007","TOR_20260909_1",2026-09-09,"B008"
"P03387","TOR_20260909_1_PA008","TOR_20260909_1",2026-09-09,"B003"
"P03392","TOR_20260909_1_PA009","TOR_20260909_1",2026-09-09,"B013"
"P03395","TOR_20260909_1_PA010","TOR_20260909_1",2026-09-09,"B004"
"P03397","TOR_20260909_1_PA011","TOR_20260909_1",2026-09-09,"B005"
"P03401","TOR_20260909_1_PA012","TOR_20260909_1",2026-09-09,"B017"
"P03403","TOR_20260909_1_PA013","TOR_20260909_1",2026-09-09,"B001"
"P03408","TOR_20260909_1_PA014","TOR_20260909_1",2026-09-09,"B012"
"P03414","TOR_20260909_1_PA015","TOR_20260909_1",2026-09-09,"B002"
"P03415","TOR_20260909_1_PA016","TOR_20260909_1",2026-09-09,"B008"
"P03416","TOR_20260909_1_PA017","TOR_20260909_1",2026-09-09,"B003"
"P03420","TOR_20260909_1_PA018","TOR_20260909_1",2026-09-09,"B013"
"P03425","TOR_20260909_1_PA019","TOR_20260909_1",2026-09-09,"B004"
"P03428","TOR_20260909_1_PA020","TOR_20260909_1",2026-09-09,"B014"
"P03431","TOR_20260909_1_PA021","TOR_20260909_1",2026-09-09,"B017"
"P03432","TOR_20260909_1_PA022","TOR_20260909_1",2026-09-09,"B001"
"P03437","TOR_20260909_1_PA023","TOR_20260909_1",2026-09-09,"B012"
"P03440","TOR_20260909_1_PA024","TOR_20260909_1",2026-09-09,"B002"
"P03443","TOR_20260909_1_PA025","TOR_20260909_1",2026-09-09,"B008"
"P03445","TOR_20260909_1_PA026","TOR_20260909_1",2026-09-09,"B003"
"P03449","TOR_20260909_1_PA027","TOR_20260909_1",2026-09-09,"B011"
"P03456","TOR_20260909_1_PA028","TOR_20260909_1",2026-09-09,"B004"
"P03457","TOR_20260909_1_PA029","TOR_20260909_1",2026-09-09,"B009"
"P03460","TOR_20260909_1_PA030","TOR_20260909_1",2026-09-09,"B017"
"P03466","TOR_20260909_1_PA031","TOR_20260909_1",2026-09-09,"B001"
"P03472","TOR_20260909_1_PA032","TOR_20260909_1",2026-09-09,"B012"
"P03479","TOR_20260909_1_PA033","TOR_20260909_1",2026-09-09,"B002"
"P03481","TOR_20260909_1_PA034","TOR_20260909_1",2026-09-09,"B008"
"P03482","TOR_20260911_1_PA001","TOR_20260911_1",2026-09-11,"B004"
"P03486","TOR_20260911_1_PA002","TOR_20260911_1",2026-09-11,"B009"
"P03487","TOR_20260911_1_PA003","TOR_20260911_1",2026-09-11,"B017"
"P03494","TOR_20260911_1_PA004","TOR_20260911_1",2026-09-11,"B001"
"P03499","TOR_20260911_1_PA005","TOR_20260911_1",2026-09-11,"B014"
"P03503","TOR_20260911_1_PA006","TOR_20260911_1",2026-09-11,"B012"
"P03507","TOR_20260911_1_PA007","TOR_20260911_1",2026-09-11,"B011"
"P03510","TOR_20260911_1_PA008","TOR_20260911_1",2026-09-11,"B002"
"P03516","TOR_20260911_1_PA009","TOR_20260911_1",2026-09-11,"B008"
"P03520","TOR_20260911_1_PA010","TOR_20260911_1",2026-09-11,"B004"
"P03526","TOR_20260911_1_PA011","TOR_20260911_1",2026-09-11,"B009"
"P03532","TOR_20260911_1_PA012","TOR_20260911_1",2026-09-11,"B017"
"P03536","TOR_20260911_1_PA013","TOR_20260911_1",2026-09-11,"B001"
"P03541","TOR_20260911_1_PA014","TOR_20260911_1",2026-09-11,"B014"
"P03543","TOR_20260911_1_PA015","TOR_20260911_1",2026-09-11,"B012"
"P03545","TOR_20260911_1_PA016","TOR_20260911_1",2026-09-11,"B011"
"P03548","TOR_20260911_1_PA017","TOR_20260911_1",2026-09-11,"B002"
"P03553","TOR_20260911_1_PA018","TOR_20260911_1",2026-09-11,"B008"
"P03555","TOR_20260911_1_PA019","TOR_20260911_1",2026-09-11,"B004"
"P03563","TOR_20260911_1_PA020","TOR_20260911_1",2026-09-11,"B009"
"P03564","TOR_20260911_1_PA021","TOR_20260911_1",2026-09-11,"B017"
"P03567","TOR_20260911_1_PA022","TOR_20260911_1",2026-09-11,"B001"
"P03572","TOR_20260911_1_PA023","TOR_20260911_1",2026-09-11,"B014"
"P03573","TOR_20260911_1_PA024","TOR_20260911_1",2026-09-11,"B012"
"P03578","TOR_20260911_1_PA025","TOR_20260911_1",2026-09-11,"B005"
"P03586","TOR_20260911_1_PA026","TOR_20260911_1",2026-09-11,"B002"
"P03589","TOR_20260911_1_PA027","TOR_20260911_1",2026-09-11,"B008"
"P03591","TOR_20260911_1_PA028","TOR_20260911_1",2026-09-11,"B004"
"P03593","TOR_20260911_1_PA029","TOR_20260911_1",2026-09-11,"B009"
"P03594","TOR_20260911_1_PA030","TOR_20260911_1",2026-09-11,"B017"
"P03598","TOR_20260911_1_PA031","TOR_20260911_1",2026-09-11,"B001"
"P03601","TOR_20260911_1_PA032","TOR_20260911_1",2026-09-11,"B014"
"P03603","TOR_20260911_1_PA033","TOR_20260911_1",2026-09-11,"B012"
"P03607","TOR_20260911_1_PA034","TOR_20260911_1",2026-09-11,"B005"
"P03613","TOR_20260911_1_PA035","TOR_20260911_1",2026-09-11,"B002"
"P03619","TOR_20260911_1_PA036","TOR_20260911_1",2026-09-11,"B008"
"P03621","TOR_20260911_1_PA037","TOR_20260911_1",2026-09-11,"B004"
"P03625","TOR_20260911_1_PA038","TOR_20260911_1",2026-09-11,"B009"
"P03631","TOR_20260911_1_PA039","TOR_20260911_1",2026-09-11,"B017"
"P03639","TOR_20260911_1_PA040","TOR_20260911_1",2026-09-11,"B001"
"P03645","TOR_20260912_1_PA001","TOR_20260912_1",2026-09-12,"B004"
"P03650","TOR_20260912_1_PA002","TOR_20260912_1",2026-09-12,"B009"
"P03652","TOR_20260912_1_PA003","TOR_20260912_1",2026-09-12,"B017"
"P03654","TOR_20260912_1_PA004","TOR_20260912_1",2026-09-12,"B001"
"P03656","TOR_20260912_1_PA005","TOR_20260912_1",2026-09-12,"B014"
"P03657","TOR_20260912_1_PA006","TOR_20260912_1",2026-09-12,"B012"
"P03663","TOR_20260912_1_PA007","TOR_20260912_1",2026-09-12,"B011"
"P03666","TOR_20260912_1_PA008","TOR_20260912_1",2026-09-12,"B002"
"P03667","TOR_20260912_1_PA009","TOR_20260912_1",2026-09-12,"B015"
"P03669","TOR_20260912_1_PA010","TOR_20260912_1",2026-09-12,"B004"
"P03672","TOR_20260912_1_PA011","TOR_20260912_1",2026-09-12,"B009"
"P03677","TOR_20260912_1_PA012","TOR_20260912_1",2026-09-12,"B017"
"P03682","TOR_20260912_1_PA013","TOR_20260912_1",2026-09-12,"B001"
"P03683","TOR_20260912_1_PA014","TOR_20260912_1",2026-09-12,"B014"
"P03689","TOR_20260912_1_PA015","TOR_20260912_1",2026-09-12,"B012"
"P03695","TOR_20260912_1_PA016","TOR_20260912_1",2026-09-12,"B011"
"P03698","TOR_20260912_1_PA017","TOR_20260912_1",2026-09-12,"B002"
"P03701","TOR_20260912_1_PA018","TOR_20260912_1",2026-09-12,"B015"
"P03704","TOR_20260912_1_PA019","TOR_20260912_1",2026-09-12,"B004"
"P03715","TOR_20260912_1_PA020","TOR_20260912_1",2026-09-12,"B009"
"P03721","TOR_20260912_1_PA021","TOR_20260912_1",2026-09-12,"B017"
"P03725","TOR_20260912_1_PA022","TOR_20260912_1",2026-09-12,"B001"
"P03729","TOR_20260912_1_PA023","TOR_20260912_1",2026-09-12,"B014"
"P03738","TOR_20260912_1_PA024","TOR_20260912_1",2026-09-12,"B012"
"P03739","TOR_20260912_1_PA025","TOR_20260912_1",2026-09-12,"B011"
"P03742","TOR_20260912_1_PA026","TOR_20260912_1",2026-09-12,"B002"
"P03745","TOR_20260912_1_PA027","TOR_20260912_1",2026-09-12,"B015"
"P03750","TOR_20260912_1_PA028","TOR_20260912_1",2026-09-12,"B004"
"P03756","TOR_20260912_1_PA029","TOR_20260912_1",2026-09-12,"B009"
"P03760","TOR_20260912_1_PA030","TOR_20260912_1",2026-09-12,"B017"
"P03764","TOR_20260912_1_PA031","TOR_20260912_1",2026-09-12,"B001"
"P03767","TOR_20260912_1_PA032","TOR_20260912_1",2026-09-12,"B014"
"P03774","TOR_20260912_1_PA033","TOR_20260912_1",2026-09-12,"B012"
"P03779","TOR_20260912_1_PA034","TOR_20260912_1",2026-09-12,"B008"
"P03781","TOR_20260912_1_PA035","TOR_20260912_1",2026-09-12,"B002"
"P03784","TOR_20260912_1_PA036","TOR_20260912_1",2026-09-12,"B015"
"P03793","TOR_20260912_1_PA037","TOR_20260912_1",2026-09-12,"B004"
"P03796","TOR_20260912_1_PA038","TOR_20260912_1",2026-09-12,"B009"
"P03797","TOR_20260912_1_PA039","TOR_20260912_1",2026-09-12,"B017"
"P03799","TOR_20260913_1_PA001","TOR_20260913_1",2026-09-13,"B004"
"P03803","TOR_20260913_1_PA002","TOR_20260913_1",2026-09-13,"B009"
"P03806","TOR_20260913_1_PA003","TOR_20260913_1",2026-09-13,"B017"
"P03809","TOR_20260913_1_PA004","TOR_20260913_1",2026-09-13,"B012"
"P03811","TOR_20260913_1_PA005","TOR_20260913_1",2026-09-13,"B005"
"P03813","TOR_20260913_1_PA006","TOR_20260913_1",2026-09-13,"B008"
"P03815","TOR_20260913_1_PA007","TOR_20260913_1",2026-09-13,"B002"
"P03821","TOR_20260913_1_PA008","TOR_20260913_1",2026-09-13,"B003"
"P03825","TOR_20260913_1_PA009","TOR_20260913_1",2026-09-13,"B013"
"P03828","TOR_20260913_1_PA010","TOR_20260913_1",2026-09-13,"B004"
"P03831","TOR_20260913_1_PA011","TOR_20260913_1",2026-09-13,"B009"
"P03836","TOR_20260913_1_PA012","TOR_20260913_1",2026-09-13,"B017"
"P03838","TOR_20260913_1_PA013","TOR_20260913_1",2026-09-13,"B012"
"P03844","TOR_20260913_1_PA014","TOR_20260913_1",2026-09-13,"B005"
"P03850","TOR_20260913_1_PA015","TOR_20260913_1",2026-09-13,"B008"
"P03854","TOR_20260913_1_PA016","TOR_20260913_1",2026-09-13,"B002"
"P03857","TOR_20260913_1_PA017","TOR_20260913_1",2026-09-13,"B003"
"P03860","TOR_20260913_1_PA018","TOR_20260913_1",2026-09-13,"B013"
"P03862","TOR_20260913_1_PA019","TOR_20260913_1",2026-09-13,"B004"
"P03867","TOR_20260913_1_PA020","TOR_20260913_1",2026-09-13,"B009"
"P03869","TOR_20260913_1_PA021","TOR_20260913_1",2026-09-13,"B017"
"P03875","TOR_20260913_1_PA022","TOR_20260913_1",2026-09-13,"B012"
"P03884","TOR_20260913_1_PA023","TOR_20260913_1",2026-09-13,"B005"
"P03887","TOR_20260913_1_PA024","TOR_20260913_1",2026-09-13,"B008"
"P03888","TOR_20260913_1_PA025","TOR_20260913_1",2026-09-13,"B002"
"P03890","TOR_20260913_1_PA026","TOR_20260913_1",2026-09-13,"B003"
"P03895","TOR_20260913_1_PA027","TOR_20260913_1",2026-09-13,"B013"
"P03898","TOR_20260913_1_PA028","TOR_20260913_1",2026-09-13,"B004"
"P03908","TOR_20260913_1_PA029","TOR_20260913_1",2026-09-13,"B009"
"P03912","TOR_20260913_1_PA030","TOR_20260913_1",2026-09-13,"B017"
"P03914","TOR_20260913_1_PA031","TOR_20260913_1",2026-09-13,"B012"
"P03916","TOR_20260913_1_PA032","TOR_20260913_1",2026-09-13,"B014"
"P03921","TOR_20260913_1_PA033","TOR_20260913_1",2026-09-13,"B008"
"P03924","TOR_20260913_1_PA034","TOR_20260913_1",2026-09-13,"B002"
"P03926","TOR_20260913_1_PA035","TOR_20260913_1",2026-09-13,"B003"
"P03934","TOR_20260913_1_PA036","TOR_20260913_1",2026-09-13,"B013"
"P03940","TOR_20260913_1_PA037","TOR_20260913_1",2026-09-13,"B004"
"P03946","TOR_20260913_1_PA038","TOR_20260913_1",2026-09-13,"B009"
"P03949","TOR_20260913_1_PA039","TOR_20260913_1",2026-09-13,"B017"
