"model","outcome","units","n","games","primary","estimate","lower","upper","se","df","p_nominal"
"M0_pooled","Duration","seconds",3889,27,FALSE,0.775501399143326,0.245851831221666,1.30515096706499,0.256459281689124,23.7093173676754,0.00591314661816475
"M1_batter","Duration","seconds",3889,27,FALSE,0.831054007618607,0.290991086790964,1.37111692844625,0.261507803947897,23.7200104461696,0.0040897277983078
"M2_batter_game","Duration","seconds",3889,27,TRUE,0.698438636101211,0.280799204754703,1.11607806744772,0.20209179269842,23.4249936833057,0.00210540669797782
"S1_all_adjusted","Duration","seconds",3942,27,FALSE,0.764334595496488,0.264043232474996,1.26462595851798,0.242064307089444,23.3858804325103,0.00434391079262159
"S2_count_inning","Duration","seconds",3889,27,FALSE,0.729407586413322,0.32447378440602,1.13434138842063,0.195933397367514,23.4024168647259,0.00109258364799068
"S3_log_duration","Duration","log seconds",3889,27,FALSE,0.0488950046870012,0.0209201402541447,0.0768698691198577,0.0135367737799658,23.4249936833057,0.0014350819390641
"T1_primary","Tic count","tics per pitch",3890,27,TRUE,0.110901070169487,0.0284868898142624,0.193315250524712,0.0398792487622778,23.4228516782565,0.0105180230187026
"T2_count_inning","Tic count","tics per pitch",3890,27,FALSE,0.116362839793843,0.0316509392111594,0.201074740376526,0.0409888570092327,23.3993871996447,0.00920468039380985
"T3_disruption_adjusted","Tic count","tics per pitch",3943,27,FALSE,0.107445600241403,0.0280952537994456,0.18679594668336,0.0383932111587626,23.3837605250645,0.0101084731931039
