game_id,game_order,game_timestamp,game_date,game_on_date,home,opponent,result,win,runs_for,runs_against,run_differential,split,pitch_count,pa_count,routine_n,routine_mean_secs,routine_sd_secs,routine_cv,tic_n,tics_mean,disruption_count,disruption_rate,risp_rate,logged_offensive_innings,prior_5_win_rate,window_win_streak_before,disruption_coverage
TOR_20260814_1,1,2026-08-14T00:00:00,2026-08-14,1,1,New York Yankees,W,1,3,1,2,Train,120,32,120,15.258333333333333,15.190386075793224,0.9955468755298673,120,1.175,5,0.041666666666666664,0.15833333333333333,8,,0,Observed_User_Confirmed
TOR_20260815_1,2,2026-08-15T00:00:00,2026-08-15,1,1,New York Yankees,W,1,4,1,3,Train,158,38,158,16.441772151898736,5.93210218471666,0.36079457432644246,158,1.6075949367088607,3,0.0189873417721519,0.43670886075949367,8,,1,Observed_User_Confirmed
TOR_20260816_1,3,2026-08-16T00:00:00,2026-08-16,1,1,New York Yankees,L,0,3,4,-1,Train,134,37,134,14.738805970149254,3.80922723100207,0.25844883491355813,134,1.455223880597015,1,0.007462686567164179,0.2462686567164179,10,,2,Observed_User_Confirmed
TOR_20260818_1,4,2026-08-18T00:00:00,2026-08-18,1,0,Tampa Bay Rays,W,1,10,5,5,Train,157,48,157,15.872611464968152,5.174798540175855,0.3260206142887678,157,1.732484076433121,5,0.03184713375796178,0.2929936305732484,9,,0,Observed_User_Confirmed
TOR_20260819_1,5,2026-08-19T00:00:00,2026-08-19,1,0,Tampa Bay Rays,L,0,6,7,-1,Train,149,39,149,14.859060402684564,3.343044684092686,0.22498358533415094,149,1.6442953020134228,3,0.020134228187919462,0.1610738255033557,9,,1,Observed_User_Confirmed
TOR_20260820_1,6,2026-08-20T00:00:00,2026-08-20,1,0,Tampa Bay Rays,W,1,5,1,4,Train,162,40,162,14.722222222222221,4.293936212702487,0.2916635918062067,162,1.345679012345679,4,0.024691358024691357,0.35185185185185186,9,0.6,0,Observed_User_Confirmed
TOR_20260821_1,7,2026-08-21T00:00:00,2026-08-21,1,0,New York Yankees,L,0,1,3,-2,Train,147,37,147,15.353741496598639,3.510849565624297,0.22866410551474156,147,1.2925170068027212,1,0.006802721088435374,0.4489795918367347,9,0.6,1,Observed_User_Confirmed
TOR_20260822_1,8,2026-08-22T00:00:00,2026-08-22,1,0,New York Yankees,W,1,4,3,1,Train,171,43,171,16.485380116959064,6.555066944645097,0.3976291051913131,171,1.1929824561403508,7,0.04093567251461988,0.39766081871345027,9,0.4,0,Observed_User_Confirmed
TOR_20260823_1,9,2026-08-23T00:00:00,2026-08-23,1,0,New York Yankees,L,0,3,8,-5,Train,144,35,144,15.506944444444445,3.6565804801864847,0.2358027716734679,144,1.2847222222222223,2,0.013888888888888888,0.3819444444444444,9,0.6,1,Observed_User_Confirmed
TOR_20260825_1,10,2026-08-25T00:00:00,2026-08-25,1,1,Kansas City Royals,L,0,3,5,-2,Train,148,38,148,14.10135135135135,3.569980401373184,0.25316583584246827,148,1.3243243243243243,0,0.0,0.3716216216216216,9,0.4,0,Observed_User_Confirmed
TOR_20260826_1,11,2026-08-26T00:00:00,2026-08-26,1,1,Kansas City Royals,W,1,3,0,3,Train,109,31,109,12.577981651376147,3.195174538737054,0.25402919381643974,109,1.2110091743119267,1,0.009174311926605505,0.1743119266055046,8,0.4,0,Observed_User_Confirmed
TOR_20260827_1,12,2026-08-27T00:00:00,2026-08-27,1,1,Kansas City Royals,L,0,2,13,-11,Train,117,35,117,12.444444444444445,4.322045421828941,0.34730722139696846,117,1.735042735042735,3,0.02564102564102564,0.1111111111111111,9,0.4,1,Observed_User_Confirmed
TOR_20260828_1,13,2026-08-28T00:00:00,2026-08-28,1,1,Seattle Mariners,W,1,8,1,7,Train,134,38,134,13.462686567164178,3.6308136506412527,0.26969458380594674,134,1.4253731343283582,1,0.007462686567164179,0.2835820895522388,8,0.4,0,Observed_User_Confirmed
TOR_20260829_1,14,2026-08-29T00:00:00,2026-08-29,1,1,Seattle Mariners,W,1,4,3,1,Train,155,36,155,12.612903225806452,4.679864434675174,0.37103784520442556,155,1.2129032258064516,7,0.04516129032258064,0.36129032258064514,8,0.4,1,Observed_User_Confirmed
TOR_20260830_1,15,2026-08-30T00:00:00,2026-08-30,1,1,Seattle Mariners,W,1,7,0,7,Train,146,38,146,15.431506849315069,3.676406668148661,0.2382402900797623,146,1.6095890410958904,4,0.0273972602739726,0.3287671232876712,8,0.6,2,Observed_User_Confirmed
TOR_20260901_1,16,2026-09-01T00:00:00,2026-09-01,1,0,Cleveland Guardians,L,0,1,6,-5,Train,123,32,123,14.300813008130081,4.702519309709432,0.3288288090359637,123,1.4878048780487805,0,0.0,0.13008130081300814,9,0.8,3,Observed_User_Confirmed
TOR_20260902_1,17,2026-09-02T00:00:00,2026-09-02,1,0,Cleveland Guardians,W,1,11,0,11,Train,153,44,150,14.02,4.510197245645791,0.32169737843407925,150,1.5866666666666667,0,0.0,0.37254901960784315,9,0.6,0,Observed_User_Confirmed
TOR_20260903_1,18,2026-09-03T00:00:00,2026-09-03,1,0,Cleveland Guardians,W,1,6,3,3,Train,195,44,195,14.266666666666667,6.963873393884188,0.4881219668610412,195,1.3333333333333333,0,0.0,0.2205128205128205,9,0.8,1,Observed_User_Confirmed
TOR_20260904_1,19,2026-09-04T00:00:00,2026-09-04,1,0,Kansas City Royals,W,1,9,2,7,Train,137,43,137,14.554744525547445,5.263525585447898,0.3616364118386971,137,1.467153284671533,0,0.0,0.2846715328467153,9,0.8,2,Observed_User_Confirmed
TOR_20260905_1,20,2026-09-05T00:00:00,2026-09-05,1,0,Kansas City Royals,W,1,4,3,1,Train,160,42,160,14.45625,4.789725474991878,0.33132558408936463,160,1.2375,0,0.0,0.2375,9,0.8,3,Observed_User_Confirmed
TOR_20260906_1,21,2026-09-06T00:00:00,2026-09-06,1,0,Kansas City Royals,L,0,1,6,-5,Train,138,34,138,14.746376811594203,6.17158735061894,0.4185155058404981,138,1.3695652173913044,0,0.0,0.17391304347826086,9,0.8,4,Observed_User_Confirmed
TOR_20260907_1,22,2026-09-07T00:00:00,2026-09-07,1,0,Athletics,L,0,5,6,-1,Train,143,38,143,14.34965034965035,5.070292851028774,0.35333912168475373,143,1.3846153846153846,0,0.0,0.16783216783216784,9,0.8,0,Observed_User_Confirmed
TOR_20260908_1,23,2026-09-08T00:00:00,2026-09-08,1,0,Athletics,W,1,4,2,2,Train,151,36,151,16.24503311258278,6.5969355384827155,0.40608938699995517,151,1.6754966887417218,0,0.0,0.1456953642384106,9,0.6,0,Observed_User_Confirmed
TOR_20260909_1,24,2026-09-09T00:00:00,2026-09-09,1,0,Athletics,L,0,0,2,-2,Train,130,34,130,15.053846153846154,5.515744256655674,0.3664009981426866,130,1.5076923076923077,0,0.0,0.06923076923076923,9,0.6,1,Observed_User_Confirmed
TOR_20260911_1,25,2026-09-11T00:00:00,2026-09-11,1,1,Baltimore Orioles,L,0,4,7,-3,Train,163,40,163,15.05521472392638,4.884153683771172,0.3244160759799108,163,1.4723926380368098,2,0.012269938650306749,0.294478527607362,9,0.4,0,Observed_User_Confirmed
TOR_20260912_1,26,2026-09-12T00:00:00,2026-09-12,1,1,Baltimore Orioles,W,1,7,3,4,Train,154,39,154,13.123376623376624,4.397456071007808,0.3350857174345385,154,1.3051948051948052,0,0.0,0.22077922077922077,8,0.2,0,Observed_User_Confirmed
TOR_20260913_1,27,2026-09-13T00:00:00,2026-09-13,1,1,Baltimore Orioles,W,1,8,1,7,Train,155,39,155,14.109677419354838,5.941891497712719,0.4211217110861781,155,1.0193548387096774,4,0.025806451612903226,0.2645161290322581,8,0.4,1,Observed_User_Confirmed
TOR_20260914_1,28,2026-09-14T00:00:00,2026-09-14,1,1,Detroit Tigers,L,0,5,6,-1,Validation,184,40,184,15.358695652173912,5.362450956101415,0.3491475498664757,184,1.6521739130434783,2,0.010869565217391304,0.3423913043478261,9,0.6,2,Observed_User_Confirmed
TOR_20260915_1,29,2026-09-15T00:00:00,2026-09-15,1,1,Detroit Tigers,L,0,1,10,-9,Validation,147,36,147,14.945578231292517,5.73475622360536,0.3837092238825616,147,1.4217687074829932,2,0.013605442176870748,0.14285714285714285,9,0.4,0,Observed_User_Confirmed
TOR_20260916_1,30,2026-09-16T00:00:00,2026-09-16,1,1,Detroit Tigers,W,1,5,1,4,Validation,138,36,138,14.420289855072463,3.940824312975108,0.2732832940656105,138,1.3840579710144927,0,0.0,0.35507246376811596,8,0.4,0,Observed_User_Confirmed
TOR_20260918_1,31,2026-09-18T00:00:00,2026-09-18,1,0,Texas Rangers,L,0,1,7,-6,Validation,136,34,136,14.147058823529411,5.067732945936375,0.35821812923458785,136,1.7058823529411764,0,0.0,0.19117647058823528,9,0.6,1,Observed_User_Confirmed
TOR_20260919_1,32,2026-09-19T00:00:00,2026-09-19,1,0,Texas Rangers,L,0,2,6,-4,Validation,126,34,126,14.642857142857142,1.5923029144696594,0.1087426380613426,126,1.3253968253968254,2,0.015873015873015872,0.09523809523809523,9,0.4,0,Observed_User_Confirmed
TOR_20260920_1,33,2026-09-20T00:00:00,2026-09-20,1,0,Texas Rangers,W,1,7,2,5,Validation,149,43,149,13.711409395973154,3.290640498759063,0.23999287044302517,149,0.959731543624161,2,0.013422818791946308,0.3624161073825503,9,0.2,0,Observed_User_Confirmed
TOR_20260921_1,34,2026-09-21T00:00:00,2026-09-21,1,0,Baltimore Orioles,L,0,3,4,-1,Test,128,34,128,13.6796875,4.02733493432423,0.29440255373700824,128,1.5859375,1,0.0078125,0.15625,9,0.4,1,Observed_User_Confirmed
TOR_20260923_1,35,2026-09-23T00:00:00,2026-09-23,1,0,Baltimore Orioles,L,0,2,4,-2,Test,128,34,128,14.5546875,2.5154908844525314,0.17283029157805907,128,1.5390625,2,0.015625,0.2734375,9,0.4,0,Observed_User_Confirmed
TOR_20260923_2,36,2026-09-23T12:00:00,2026-09-23,2,0,Baltimore Orioles,L,0,2,4,-2,Test,134,34,134,13.037313432835822,4.104658487562326,0.3148392886853759,134,1.828358208955224,2,0.014925373134328358,0.12686567164179105,9,0.2,0,Observed_User_Confirmed
TOR_20260925_1,37,2026-09-25T00:00:00,2026-09-25,1,1,Cincinnati Reds,W,1,6,5,1,Test,152,40,152,13.763157894736842,2.3381003272886,0.16988109452574915,152,1.7236842105263157,2,0.013157894736842105,0.39473684210526316,8,0.2,0,Observed_User_Confirmed
TOR_20260927_1,38,2026-09-27T00:00:00,2026-09-27,1,1,Cincinnati Reds,L,0,1,5,-4,Test,123,34,123,12.94308943089431,4.103778372982576,0.3170632788171211,123,1.3902439024390243,1,0.008130081300813009,0.21951219512195122,9,0.4,1,Observed_User_Confirmed
TOR_20260927_2,39,2026-09-27T12:00:00,2026-09-27,2,1,Cincinnati Reds,W,1,5,1,4,Test,136,32,136,12.727941176470589,3.3785092302280875,0.26544035546563827,136,1.0735294117647058,1,0.007352941176470588,0.19117647058823528,8,0.2,0,Observed_User_Confirmed
