"pair_id","context","feature","context_value","games","mean_feature","median_feature","sd_feature"
"A1","win","routine_undisrupted_mean_secs",0,19,14.3269178518916,14.541095890411,0.824842835656833
"A1","win","routine_undisrupted_mean_secs",1,20,14.0614254606793,14.1093377483444,1.15719964938321
"A2","win","tics_undisrupted_mean",0,19,1.49405435291923,1.46583850931677,0.160105642582569
"A2","win","tics_undisrupted_mean",1,20,1.36763387413446,1.35869565217391,0.233744921701954
"A3","prior5_win_rate","routine_undisrupted_mean_secs",0.2,5,13.2549999312856,13.1233766233766,0.449427142777276
"A3","prior5_win_rate","routine_undisrupted_mean_secs",0.4,14,13.7807685119078,13.881384337093,1.05727765209451
"A3","prior5_win_rate","routine_undisrupted_mean_secs",0.6,9,14.9380674615502,15.0538461538462,0.711158062052158
"A3","prior5_win_rate","routine_undisrupted_mean_secs",0.8,6,14.4457502269315,14.4029501748252,0.181482368915366
"A4","prior5_win_rate","tics_undisrupted_mean",0.2,5,1.37684202569917,1.30519480519481,0.384227413888913
"A4","prior5_win_rate","tics_undisrupted_mean",0.4,14,1.37626558288376,1.38875029698266,0.185806083672054
"A4","prior5_win_rate","tics_undisrupted_mean",0.6,9,1.52214871021226,1.58666666666667,0.159593798772225
"A4","prior5_win_rate","tics_undisrupted_mean",0.8,6,1.37999534967672,1.37709030100334,0.0914678094975635
"A5","window_win_streak_before","routine_undisrupted_mean_secs",0,19,14.1457368012138,14.1986754966887,0.966043668000573
"A5","window_win_streak_before","routine_undisrupted_mean_secs",1,11,13.9121489402922,14.1470588235294,1.13838693386052
"A5","window_win_streak_before","routine_undisrupted_mean_secs",2,3,14.9206110705031,15.0422535211268,0.322723273691172
"A5","window_win_streak_before","routine_undisrupted_mean_secs",3,2,14.3785315040651,14.3785315040651,0.109910550998444
"A5","window_win_streak_before","routine_undisrupted_mean_secs",4,1,14.7463768115942,14.7463768115942,
"A6","window_win_streak_before","tics_undisrupted_mean",0,19,1.41774867574461,1.39735099337748,0.228679404764313
"A6","window_win_streak_before","tics_undisrupted_mean",1,11,1.4329592871212,1.39344262295082,0.224871074228535
"A6","window_win_streak_before","tics_undisrupted_mean",2,3,1.57004990828369,1.6056338028169,0.0905122428099902
"A6","window_win_streak_before","tics_undisrupted_mean",3,2,1.36265243902439,1.36265243902439,0.176992276632364
"A6","window_win_streak_before","tics_undisrupted_mean",4,1,1.3695652173913,1.3695652173913,
