"fold","model","n","events","log_loss","brier","roc_auc","accuracy","precision","recall","tp","fp","tn","fn"
1,"M0_prevalence",187,36,0.490225702328172,0.155566358774915,0.5,0.807486631016043,NA,0,0,0,151,36
2,"M0_prevalence",201,27,0.403737795410933,0.118847102524543,0.5,0.865671641791045,NA,0,0,0,174,27
3,"M0_prevalence",188,40,0.522874537042578,0.169091901542264,0.5,0.787234042553192,NA,0,0,0,148,40
1,"M1_context",187,36,0.486342936514271,0.154428384175149,0.576894775570272,0.807486631016043,NA,0,0,0,151,36
2,"M1_context",201,27,0.421087277756396,0.124736766812989,0.449765857811835,0.865671641791045,NA,0,0,0,174,27
3,"M1_context",188,40,0.530998946351886,0.171132759353347,0.464695945945946,0.787234042553192,NA,0,0,0,148,40
1,"M2_behavior",187,36,0.490772467386801,0.155264661422142,0.519867549668874,0.807486631016043,NA,0,0,0,151,36
2,"M2_behavior",201,27,0.401843152786397,0.118115434768893,0.560983397190294,0.865671641791045,NA,0,0,0,174,27
3,"M2_behavior",188,40,0.521429693146136,0.168385222253271,0.558952702702703,0.787234042553192,NA,0,0,0,148,40
1,"M3_context_behavior",187,36,0.488384864730673,0.154868485386992,0.540746872700515,0.807486631016043,NA,0,0,0,151,36
2,"M3_context_behavior",201,27,0.418515046526409,0.123766330772392,0.475521498510004,0.865671641791045,NA,0,0,0,174,27
3,"M3_context_behavior",188,40,0.528721719680307,0.17049760647472,0.499577702702703,0.787234042553192,NA,0,0,0,148,40
1,"M4_ridge_player_context",187,36,0.533550752288501,0.166265114457755,0.484823399558499,0.807486631016043,NA,0,0,0,151,36
2,"M4_ridge_player_context",201,27,0.417336571397131,0.121842430359999,0.558003405704555,0.865671641791045,0.5,0.037037037037037,1,1,173,26
3,"M4_ridge_player_context",188,40,0.536256728542245,0.171469408602675,0.548986486486487,0.787234042553192,NA,0,0,0,148,40
1,"M5_ridge_player_behavior",187,36,0.531011471408209,0.164690002305102,0.500367917586461,0.807486631016043,NA,0,0,0,151,36
2,"M5_ridge_player_behavior",201,27,0.418585200709143,0.122082245347245,0.538101319710515,0.865671641791045,0.5,0.037037037037037,1,1,173,26
3,"M5_ridge_player_behavior",188,40,0.527080788467055,0.168909576111378,0.583952702702703,0.787234042553192,NA,0,0,0,148,40
1,"M6_forest_player_context",187,36,0.530349290865889,0.164203076604742,0.499724061810155,0.807486631016043,NA,0,0,0,151,36
2,"M6_forest_player_context",201,27,0.418851969226655,0.12439132183127,0.52330779054917,0.865671641791045,NA,0,0,0,174,27
3,"M6_forest_player_context",188,40,0.529233884046624,0.16852148483844,0.577871621621622,0.787234042553192,NA,0,0,0,148,40
1,"M7_forest_player_behavior",187,36,0.525509349489859,0.162561790486696,0.490802060338484,0.807486631016043,NA,0,0,0,151,36
2,"M7_forest_player_behavior",201,27,0.413033124344552,0.122856239996403,0.584504044274159,0.865671641791045,NA,0,0,0,174,27
3,"M7_forest_player_behavior",188,40,0.530013877078167,0.16852606029744,0.572466216216216,0.787234042553192,NA,0,0,0,148,40
