"batter_id","n_no_risp","n_risp","mean_no_risp","mean_risp","difference_tics","all_zero","constant_count"
"B001",279,108,2.584229390681,2.86111111111111,0.276881720430108,FALSE,FALSE
"B002",211,71,1.36018957345972,1.43661971830986,0.0764301448501437,FALSE,FALSE
"B003",124,32,1.28225806451613,1.8125,0.530241935483871,FALSE,FALSE
"B004",353,99,0.337110481586402,0.252525252525253,-0.0845852290611497,FALSE,FALSE
"B005",130,70,1.15384615384615,1.47142857142857,0.317582417582418,FALSE,FALSE
"B007",70,24,2.01428571428571,2.08333333333333,0.0690476190476192,FALSE,FALSE
"B008",202,95,1.18316831683168,1.09473684210526,-0.0884314747264199,FALSE,FALSE
"B009",229,73,0.716157205240175,0.849315068493151,0.133157863252976,FALSE,FALSE
"B010",115,34,1.3304347826087,1.67647058823529,0.346035805626598,FALSE,FALSE
"B011",121,14,2.75206611570248,2.28571428571429,-0.466351829988194,FALSE,FALSE
"B012",322,121,0.981366459627329,0.983471074380165,0.00210461475283619,FALSE,FALSE
"B013",139,109,0.741007194244604,1.09174311926605,0.350735925021451,FALSE,FALSE
"B014",263,98,2.98479087452471,2.94897959183673,-0.03581128268798,FALSE,FALSE
"B015",12,7,1,1,0,FALSE,TRUE
"B016",36,3,0,0,0,TRUE,TRUE
"B017",247,79,1.12550607287449,1.20253164556962,0.0770255726951263,FALSE,FALSE
