DimGame[game_order]	DimGame[game_id]	DimGame[game_date]	[Mean Routine Seconds]	[Prior 5 Win Rate]	[Prior 5 Mean Routine Seconds]	[Trailing 5 Win Rate]	[Trailing 5 Mean Routine Seconds]	[Prior Logged Win Streak]
1	TOR_20260814_1	Fri, 14 Aug 2026 00:00:00	12.756521739130434					0
2	TOR_20260815_1	Sat, 15 Aug 2026 00:00:00	16.006493506493506					1
3	TOR_20260816_1	Sun, 16 Aug 2026 00:00:00	14.609022556390977					2
4	TOR_20260818_1	Tue, 18 Aug 2026 00:00:00	15.203947368421053					0
5	TOR_20260819_1	Wed, 19 Aug 2026 00:00:00	14.54109589041096			0.6	14.6234162121694	1
6	TOR_20260820_1	Thu, 20 Aug 2026 00:00:00	14.198675496688741	0.6	14.6234162121694	0.6	14.91184696368106	0
7	TOR_20260821_1	Fri, 21 Aug 2026 00:00:00	15.232876712328768	0.6	14.91184696368106	0.4	14.757123604848122	1
8	TOR_20260822_1	Sat, 22 Aug 2026 00:00:00	15.457317073170731	0.4	14.757123604848122	0.6	14.92678250820406	0
9	TOR_20260823_1	Sun, 23 Aug 2026 00:00:00	15.338028169014084	0.6	14.92678250820406	0.4	14.953598668322659	1
10	TOR_20260825_1	Tue, 25 Aug 2026 00:00:00	14.10135135135135	0.4	14.953598668322659	0.4	14.86564976051074	0
11	TOR_20260826_1	Wed, 26 Aug 2026 00:00:00	12.518518518518519	0.4	14.86564976051074	0.4	14.5296183648767	0
12	TOR_20260827_1	Thu, 27 Aug 2026 00:00:00	12.298245614035087	0.4	14.5296183648767	0.4	13.942692145217961	1
13	TOR_20260828_1	Fri, 28 Aug 2026 00:00:00	13.25563909774436	0.4	13.942692145217961	0.4	13.502356550132697	0
14	TOR_20260829_1	Sat, 29 Aug 2026 00:00:00	12.027027027027026	0.4	13.502356550132697	0.6	12.840156321735279	1
15	TOR_20260830_1	Sun, 30 Aug 2026 00:00:00	15.04225352112676	0.6	12.840156321735279	0.8	13.028336755690358	2
16	TOR_20260901_1	Tue, 01 Sep 2026 00:00:00	14.300813008130081	0.8	13.028336755690358	0.6	13.38479565361268	3
17	TOR_20260902_1	Wed, 02 Sep 2026 00:00:00	14.02	0.6	13.38479565361268	0.8	13.729146530805659	0
18	TOR_20260903_1	Thu, 03 Sep 2026 00:00:00	14.266666666666667	0.8	13.729146530805659	0.8	13.931352044590119	1
19	TOR_20260904_1	Fri, 04 Sep 2026 00:00:00	14.554744525547445	0.8	13.931352044590119	0.8	14.436895544294199	2
20	TOR_20260905_1	Sat, 05 Sep 2026 00:00:00	14.45625	0.8	14.436895544294199	0.8	14.31969484006884	3
21	TOR_20260906_1	Sun, 06 Sep 2026 00:00:00	14.746376811594203	0.8	14.31969484006884	0.8	14.408807600761659	4
22	TOR_20260907_1	Mon, 07 Sep 2026 00:00:00	14.34965034965035	0.8	14.408807600761659	0.6	14.474737670691741	0
23	TOR_20260908_1	Tue, 08 Sep 2026 00:00:00	16.24503311258278	0.6	14.474737670691741	0.6	14.870410959874963	0
24	TOR_20260909_1	Wed, 09 Sep 2026 00:00:00	15.053846153846154	0.6	14.870410959874963	0.4	14.97023128553472	1
25	TOR_20260911_1	Fri, 11 Sep 2026 00:00:00	14.857142857142858	0.4	14.97023128553472	0.2	15.050409856963299	0
26	TOR_20260912_1	Sat, 12 Sep 2026 00:00:00	13.123376623376624	0.2	15.050409856963299	0.4	14.725809819319782	0
27	TOR_20260913_1	Sun, 13 Sep 2026 00:00:00	13.516556291390728	0.4	14.725809819319782	0.6	14.55919100766784	1
28	TOR_20260914_1	Mon, 14 Sep 2026 00:00:00	15.164835164835164	0.6	14.55919100766784	0.4	14.34315141811832	2
29	TOR_20260915_1	Tue, 15 Sep 2026 00:00:00	14.689655172413794	0.4	14.34315141811832	0.4	14.270313221831838	0
30	TOR_20260916_1	Wed, 16 Sep 2026 00:00:00	14.420289855072463	0.4	14.270313221831838	0.6	14.18294262141776	0
31	TOR_20260918_1	Fri, 18 Sep 2026 00:00:00	14.147058823529411	0.6	14.18294262141776	0.4	14.38767906144832	1
32	TOR_20260919_1	Sat, 19 Sep 2026 00:00:00	14.637096774193548	0.4	14.38767906144832	0.2	14.61178715800888	0
33	TOR_20260920_1	Sun, 20 Sep 2026 00:00:00	13.700680272108844	0.2	14.61178715800888	0.4	14.318956179463601	0
34	TOR_20260921_1	Mon, 21 Sep 2026 00:00:00	13.661417322834646	0.4	14.318956179463601	0.4	14.113308609547762	1
35	TOR_20260923_1	Wed, 23 Sep 2026 00:00:00	14.53968253968254	0.4	14.113308609547762	0.2	14.13718714646976	0
36	TOR_20260923_2	Wed, 23 Sep 2026 00:00:00	12.992424242424242	0.2	14.13718714646976	0.2	13.906260230248723	0
37	TOR_20260925_1	Fri, 25 Sep 2026 00:00:00	13.74	0.2	13.906260230248723	0.4	13.72684087541002	0
38	TOR_20260927_1	Sun, 27 Sep 2026 00:00:00	12.950819672131148	0.4	13.72684087541002	0.2	13.57686875541448	1
39	TOR_20260927_2	Sun, 27 Sep 2026 00:00:00	12.718518518518518	0.2	13.57686875541448	0.4	13.38828899455126	0